~-4~900~Господарські потреби РЕМ~Iншi~смт Гвардійське вул. Сітьова     10~ЗТП-187~госп. потреби~Проверен~0~0~0~0072710~НІК 2303АРП3~6380~электронный~Трехфазный~6~5~1,0~1~108066~15~Абонент~0,4~~~~~~27,08~~~~~~~~01.04.2016~01.12.2010~16~01.12.2026~0~~~~~~~~~Старостенко Є.І~31~PC011131
~-3~7882~т.о.   ТОВ "ІН ФУД"~Промисловiсть~м. Новомосковськ   Північна      4~ПС НМФ 35/10 кВ~тов "ІН ФУД" яч.10~Системн~0~0~0~1769425~EPQS 122.23.17 LL~6285~электронный~Трехфазный~6~5~0,5S~1~109029~750~Абонент~10,0~200/5~40~~~Абонент~54,19~3,69~НТМИ-10-66 10000/100~100~~~Абонент~~01.10.2017~~6~~0~~~~~~~~~Старостенко Є.І~31~PC011131
~-2~7882~т.о.   ТОВ "ІН ФУД"~Промисловiсть~м. Новомосковськ   Північна      4~ПС НМФ 35/10 кВ~ТОВ "ІН ФУД" яч.7~Системн~0~0~0~1769483~EPQS 122.23.17 LL~6285~электронный~Трехфазный~6~5~0,5S~1~109032~750~Абонент~10,0~200/5~40~~~Абонент~54,19~3,69~НТМИ-10-66 10000/100~100~~~Абонент~~01.12.2017~~6~~0~~~~~~~~~Старостенко Є.І~31~PC011131
~-1~70000001~ПрАТ "ФАРЛЕП-ІНВЕСТ"~Iншi~смт Черкаське вул. Лісна    101~ЗТП-178~01,01 АТС №56~Проверен~0~0~0~0309563~НІК 2301АП3~6372~электронный~Трехфазный~6~5~1,0~1~107646~3~Абонент~0,4~~~~~~5,42~~~~~~~Установлен~01.04.2016~~16~~0~~~~~~~~~Орел А.Л.~31~PC011331
~0~70000003~Р РГ ХХЦ "БЛАГА ВІСТЬ" СМТ. ГВАРДІЙСЬКЕ~Iншi~смт Гвардійське вул. Гагаріна    11а~ЗТП-168~03,01 церква~Проверен~0~0~0~2810093~НІК 2102-02~6364~электронный~Однофазный~6~5~1,0~1~106055~3~Абонент~0,2~~~~~~0,20~~~~~~~Установлен~22.05.2015~22.05.2015~16~22.05.2031~0~~~~~~~~~Старостенко Є.І~31~PC011131
~1~70000005~Р ФОП Гельмель А.В.~Iншi~смт Гвардійське вул. Гагаріна     15~ЗТП-168~05,01 ком'ютерний клуб~Проверен~0~0~0~0729829~НІК 2301АП1~6370~электронный~Трехфазный~6~5~1,0~1~106007~10~Абонент~0,4~~~~~~18,05~~~~~~~Установлен~01.10.2015~01.03.2013~16~01.03.2029~0~~~~~~~~~Старостенко Є.І~31~PC011131
~2~70000006~Р КП "Гвардійський ринок"~Iншi~смт Гвардійське вул. Гагаріна     16~ЗТП-167~06,02 свердловина~Проверен~0~0~0~016091~СТ-ЭА05 Д1~6482~электронный~Трехфазный~6~5~1~1~106100~6~Абонент~0,4~~~~~~11,37~~~~~~~Установлен~08.07.2015~~10~~0~~~~~~~~~Старостенко Є.І~31~PC011131
~3~70000006~Р КП "Гвардійський ринок"~Iншi~смт Гвардійське вул. Гагаріна     16~ЗТП-168~06,01 ринок~Проверен~0~0~0~06005~Дельта 8010-08~6320~электронный~Трехфазный~6~10~1,0~1~106096~67~Абонент~0,4~~~~~~121,21~~~~~~~Установлен~08.07.2015~~16~~0~~~~~~~~~Старостенко Є.І~31~PC011131
~4~70000007~Р ФОП Уварова Р.В.~Iншi~смт Черкаське вул. Лісна     2б~ЗТП-173~07,01 магазин~Проверен~0~0~0~2810838~НІК 2102-02~6364~электронный~Однофазный~6~5~1,0~1~106086~3~Абонент~0,2~~~~~~0,22~~~~~~~Установлен~22.05.2015~~16~~0~~~~~~~~~Орел А.Л.~31~PC011331
~5~70000008~Р ФОП  Тихон Н.О.~Iншi~смт Черкаське вул. Лісна     2в~ЗТП-173~08,01 магазин~Проверен~0~0~0~8299786~НІК 2102-02.М2В~10539~электронный~Однофазный~6~5~1~1~106091~5~Абонент~0,2~~~~~~0,38~~~~~~~~01.04.2017~~16~~0~~~~~~~~~Орел А.Л.~31~PC011331
~6~70000009~Р ФОП Телешев Л.М.~Iншi~смт Гвардійське вул. Сітьова      4~ЗТП-180~09,01 гараж~Проверен~0~0~0~0556590~НІК 2301АП3~6372~электронный~Трехфазный~6~5~1,0~1~106365~32~Абонент~0,4~~~~~~58,03~~~~~~~Установлен~17.09.2015~~16~~0~~~~~~~~~Старостенко Є.І~31~PC011131
~7~70000010~Р ГК "Автомотор"~Iншi~смт Гвардійське вул. Сітьова     10~ЗТП-187~ГК Автомотор~Проверен~0~0~0~10192670~NIK 2301 AP3.0000.0.11~6538~электронный~Трехфазный~6~5~1~1~106902~10~Абонент~0,4~~~~~~18,05~~~~~~~Установлен~24.01.2019~~16~~0~~~~~~~~~Старостенко Є.І~31~PC011131
~8~70000012~Р ФОП Вацлавів Ю.О.~Iншi~смт Гвардійське вул. Сітьова      1~ЗТП-190~12,01 цех~Проверен~0~0~0~0329476~НІК 2301АП3~6372~электронный~Трехфазный~6~5~1,0~1~106234~26~Абонент~0,4~~~~~~47,47~~~~~~~Установлен~22.06.2015~~16~~0~~~~~~~~~Старостенко Є.І~31~PC011131
~9~70000013~Р ФОП Воронін М.О.~Iншi~смт Гвардійське вул. Сітьова     10~ЗТП-187~13,01 СТО~Проверен~0~0~0~1022091~НІК 2301АП3~6372~электронный~Трехфазный~6~5~1,0~1~106147~10~Абонент~0,4~~~~~~18,05~~~~~~~Установлен~01.10.2015~~16~~0~~~~~~~~~Старостенко Є.І~31~PC011131
~10~70000014~Р ФОП Антонян А.Р.~Iншi~смт Черкаське вул. Лісна      5/ 63~ЗТП-178~14,03 магазин "Дубки"~Проверен~0~0~0~0203114~НІК 2301АП3~6372~электронный~Трехфазный~6~5~1,0~1~106211~32~Абонент~0,4~~~~~~57,76~~~~~~~~10.07.2015~~16~~0~~~~~~~~~Орел А.Л.~31~PC011331
~11~70000014~Р ФОП Антонян А.Р.~Iншi~смт Черкаське вул. Лісна     1а~ЗТП-173~14,02 магазин "Весна"~Проверен~0~0~0~2810581~НІК 2102-02~6364~электронный~Однофазный~6~5~1,0~1~106206~7~Абонент~0,2~~~~~~0,51~~~~~~~Установлен~10.07.2015~~16~~0~~~~~~~~~Орел А.Л.~31~PC011331
~12~70000014~Р ФОП Антонян А.Р.~Iншi~смт Черкаське вул. Лісна     10~ЗТП-188~14,01 магазин "Рубен"~Проверен~0~0~0~4339971~НІК 2102-02.М2В~10539~электронный~Однофазный~6~5~1~1~106200~7~Абонент~0,2~~~~~~0,53~~~~~~~Установлен~01.06.2017~~16~~0~~~~~~~~~Орел А.Л.~31~PC011331
~13~70000015~Р РЕЛІГІЙНА ГРОМАДА СВЯТОГО ІОАННА ВОЇНА~Iншi~смт Черкаське вул. Гагаріна     12~ЗТП-182~15,01 храм~Проверен~0~0~0~1232592~НІК 2102-02~6364~электронный~Однофазный~6~5~1,0~1~106469~1~Абонент~0,2~~~~~~0,09~~~~~~~Установлен~13.07.2015~~16~~0~~~~~~~~~Орел А.Л.~31~PC011331
~14~70000016~Р ГВАРДІЙСЬКА СЕЛИЩНА РАДА~Мiський бюджет~смт Гвардійське вул. Ювілейна     13~ЗТП-167~16,02 дитячий садок~Проверен~0~0~0~0201364~НІК 2301АП3~6372~электронный~Трехфазный~6~5~1,0~1~107571~30~Абонент~0,4~~~~~~54,69~~~~~~~~17.12.2015~~16~~0~~~~~~~~~Старостенко Є.І~31~PC011131
~15~70000016~Р ГВАРДІЙСЬКА СЕЛИЩНА РАДА~Мiський бюджет~смт Гвардійське вул. Гагаріна     14~ЗТП-180~16,01 селищна рада~Проверен~0~0~0~0349437~НІК 2301АП1~6370~электронный~Трехфазный~6~5~1,0~1~107567~20~Абонент~0,2~~~~~~1,43~~~~~~~~17.12.2015~~16~~0~~~~~~~~~Старостенко Є.І~31~PC011131
~16~70000016~Р ГВАРДІЙСЬКА СЕЛИЩНА РАДА~Мiський бюджет~смт Гвардійське вул. Гагаріна    11а~ЗТП-168~16,03 службове приміщення~Проверен~0~0~0~9215904~НІК 2102-02.М2В~10539~электронный~Однофазный~6~5~1~1~109929~5~Абонент~0,2~~~~~~0,36~~~~~~~~27.12.2019~~16~~0~~~~~~~~~Старостенко Є.І~31~PC011131
~17~70000017~Р ФОП Гончаренко А.О~Iншi~смт Гвардійське вул. Ювілейна     14~ЗТП-175~лісотехнічна база~Проверен~0~0~0~9036686~NIK2303 ARP3.1000.MC.11~6520~электронный~Трехфазный~6~5~1~1~106445~63~Абонент~0,4~~~~~~113,54~~~~~~~~23.06.2018~~16~~0~~~~~~~~~Старостенко Є.І~31~PC011131
~18~70000018~Р ФОП Степанова Т.І.~Iншi~смт Черкаське вул. Лісна    14а~ЗТП-188~18,01 магазин~Проверен~0~0~0~1409132~НІК 2102-02~6364~электронный~Однофазный~6~5~1,0~1~105993~6~Абонент~0,2~~~~~~0,45~~~~~~~Установлен~13.07.2015~~16~~0~~~~~~~~~Орел А.Л.~31~PC011331
~19~70000022~Р ТОВ "Шері ЛТД"~Iншi~смт Гвардійське вул. Ювілейна      2~ЗТП-167~22,01 магазин "Дежурний"~Проверен~0~0~0~0252604~НІК 2303 АП3~6483~электронный~Трехфазный~6~5~1~1~106258~10~Абонент~0,4~~~~~~18,05~~~~~~~~17.06.2015~~16~~0~~~~~~~~~Старостенко Є.І~31~PC011131
~20~70000023~Р ФОП Івченко Н.О.~Iншi~смт Черкаське вул. Лісна      5/ 63~ЗТП-178~23,01 магазин~Проверен~0~0~0~1416580~НІК 2102-02~6364~электронный~Однофазный~6~5~1,0~1~106222~3~Абонент~0,2~~~~~~0,22~~~~~~~~23.06.2015~~16~~0~~~~~~~~~Орел А.Л.~31~PC011331
~21~70000024~Р ГК "Самара"~Iншi~смт Гвардійське вул. Гагаріна     14~ЗТП-180~24,08 Самара-8~Проверен~0~0~0~0136244~НІК 2301АП1~6370~электронный~Трехфазный~6~5~1,0~1~106338~7~Абонент~0,4~~~~~~11,73~~~~~~~~15.09.2015~~16~~0~~~~~~~~~Старостенко Є.І~31~PC011131
~22~70000024~Р ГК "Самара"~Iншi~смт Гвардійське вул. Гагаріна     14~ЗТП-180~24,01 Самара-1~Проверен~0~0~0~0248158~НІК 2301АП1~6370~электронный~Трехфазный~6~5~1,0~1~106293~3~Абонент~0,4~~~~~~5,42~~~~~~~Установлен~15.09.2015~~16~~0~~~~~~~~~Старостенко Є.І~31~PC011131
~23~70000024~Р ГК "Самара"~Iншi~смт Гвардійське вул. Сітьова      2~ЗТП-168~24,07 Самара-7~Проверен~0~0~0~0578711~НІК 2301АП1~6370~электронный~Трехфазный~6~5~1,0~1~106332~2~Абонент~0,4~~~~~~3,79~~~~~~~Установлен~15.09.2015~~16~~0~~~~~~~~~Старостенко Є.І~31~PC011131
~24~70000024~Р ГК "Самара"~Iншi~смт Гвардійське вул. Сітьова      2~ЗТП-168~24,03 Самара-3~Проверен~0~0~0~0677961~НІК 2102-02~6364~электронный~Однофазный~6~5~1,0~1~106304~1~Абонент~0,2~~~~~~0,05~~~~~~~~15.09.2015~~16~~0~~~~~~~~~Старостенко Є.І~31~PC011131
~25~70000024~Р ГК "Самара"~Iншi~смт Гвардійське вул. Гагаріна     14~ЗТП-168~24,06 Самара-6~Проверен~0~0~0~1176252~НІК 2102-02~6364~электронный~Однофазный~6~5~1,0~1~106326~0~Абонент~0,2~~~~~~0,03~~~~~~~Установлен~15.09.2015~~16~~0~~~~~~~~~Старостенко Є.І~31~PC011131
~26~70000024~Р ГК "Самара"~Iншi~смт Гвардійське вул. Сітьова      2~ЗТП-168~24,04 Самара-4~Проверен~0~0~0~1228349~НІК 2102-02~6364~электронный~Однофазный~6~5~1,0~1~106311~1~Абонент~0,2~~~~~~0,05~~~~~~~Установлен~15.09.2015~~16~~0~~~~~~~~~Старостенко Є.І~31~PC011131
~27~70000024~Р ГК "Самара"~Iншi~смт Гвардійське вул. Гагаріна     14~ЗТП-180~24,02 Самара-2~Проверен~0~0~0~1510313~НІК 2102-02~6364~электронный~Однофазный~6~5~1,0~1~106298~3~Абонент~0,2~~~~~~0,24~~~~~~~Установлен~15.09.2015~~16~~0~~~~~~~~~Старостенко Є.І~31~PC011131
~28~70000024~Р ГК "Самара"~Iншi~смт Гвардійське вул. Сітьова      2~ЗТП-168~24,05 Самара-5~Проверен~0~0~0~437113~СО-ЭА05 М1~6484~электронный~Однофазный~6~5~1~1~106319~3~Абонент~0,2~~~~~~0,24~~~~~~~~15.09.2015~~16~~0~~~~~~~~~Старостенко Є.І~31~PC011131
~29~70000027~Р ГК " Лісний"~Iншi~смт Черкаське вул. Лісна~ЗТП-178~27,01 г/к" Лісний"~Проверен~0~0~0~25297~Дельта 8010-08~6320~электронный~Трехфазный~6~10~1,0~1~106080~130~Абонент~0,4~~~~~~234,66~~~~~~~~31.12.2018~22.05.2015~16~22.05.2031~0~~~~~~~~~Орел А.Л.~31~PC011331
~30~70000028~Р РГ ПРЕПОДОБНОГО СЕРАФИМА САРОВСЬКОГО~Iншi~смт Гвардійське вул. Буркіна      4~КТП-189~28,01храм~Проверен~0~0~0~6142090~НІК 2102-02.М2В~10539~электронный~Однофазный~6~5~1~1~106228~3~Абонент~0,2~~~~~~0,23~~~~~~~Установлен~04.10.2017~~16~~0~~~~~~~~~Старостенко Є.І~31~PC011131
~31~70000029~Р ФОП Манвелян А.А.~Iншi~смт Гвардійське вул. Гагаріна    15а~ЗТП-168~29,01 кафе~Проверен~0~0~0~7670705~НІК 2301АП1~6370~электронный~Трехфазный~6~5~1,0~1~106022~5~Абонент~0,4~~~~~~9,03~~~~~~~Установлен~28.10.2015~15.05.2015~16~15.05.2031~0~~~~~~~~~Старостенко Є.І~31~PC011131
~32~70000030~Р ПРИВАТНА ВТ ФІРМА "СЕВЕРСК"~Iншi~с. Вільне вул.~КТП-176~30,01 СТО~Проверен~0~0~0~0230536~НІК 2301АП1~6370~электронный~Трехфазный~6~5~1,0~1~106872~31~Абонент~0,4~~~~~~55,92~~~~~~~Установлен~12.10.2015~~16~~0~~~~~~~~~Старостенко Є.І~31~PC011131
~33~70000031~Р ФОП Цимбал Н.І.~Iншi~смт Черкаське вул. Лісна      2~ЗТП-173~31,01 магазин~Проверен~0~0~0~0399773~НІК 2301АП3~6372~электронный~Трехфазный~6~5~1,0~1~106002~20~Абонент~0,4~~~~~~36,10~~~~~~~~14.07.2015~~16~~0~~~~~~~~~Орел А.Л.~31~PC011331
~34~70000032~Р ФОП Цимбал Г.Г.~Iншi~смт Черкаське вул. Лісна     3а~ЗТП-173~32,01 магазин~Проверен~0~0~0~145639~СОЕ-5028НВ~6485~электронный~Однофазный~6~5~2~1~106050~2~Абонент~0,2~~~~~~0,16~~~~~~~~06.02.2015~~16~~0~~~~~~~~~Орел А.Л.~31~PC011331
~35~70000033~Р ОКГТ "Господарник"~Iншi~смт Гвардійське вул. Курсантська     13~ЗТП-190~33,04 Господарник-4~Проверен~0~0~0~00073135~ЛЕО Модернизир.~10489~электронный~Однофазный~5~5~1~~106127~5~Абонент~0,2~~~~~~0,36~~~~~~~~13.07.2015~~16~~0~~~~~~~~~Старостенко Є.І~31~PC011131
~36~70000033~Р ОКГТ "Господарник"~Iншi~смт Гвардійське вул. Курсантська     13~ЗТП-168~33,01 Господарник-1~Проверен~0~0~0~0048071~НІК 2301АП1~6370~электронный~Трехфазный~6~5~1,0~1~106108~6~Абонент~0,4~~~~~~10,83~~~~~~~~13.07.2015~~16~~0~~~~~~~~~Старостенко Є.І~31~PC011131
~37~70000033~Р ОКГТ "Господарник"~Iншi~смт Гвардійське вул. Курсантська     13~ЗТП-190~33,05 Господарник-5~Проверен~0~0~0~02184272~СОЕ-5028 МНВ~6481~электронный~Однофазный~6~5~1~1~106134~5~Абонент~0,2~~~~~~0,36~~~~~~~Установлен~13.07.2015~~6~~0~~~~~~~~~Старостенко Є.І~31~PC011131
~38~70000033~Р ОКГТ "Господарник"~Iншi~смт Гвардійське вул. Курсантська     13~ЗТП-168~33,06 Господарник-6~Проверен~0~0~0~0376265~НІК 2301АП1~6370~электронный~Трехфазный~6~5~1,0~1~106142~16~Абонент~0,4~~~~~~28,88~~~~~~~~13.07.2015~~16~~0~~~~~~~~~Старостенко Є.І~31~PC011131
~39~70000033~Р ОКГТ "Господарник"~Iншi~смт Гвардійське вул. Курсантська     13~ЗТП-168~33,02 Господарник-2~Проверен~0~0~0~156075~ЛЕ 1101~7093~электронный~Однофазный~6~10~1~1~106115~5~Абонент~0,2~~~~~~0,36~~~~~~~Установлен~13.07.2015~~6~~0~~~~~~~~~Старостенко Є.І~31~PC011131
~40~70000033~Р ОКГТ "Господарник"~Iншi~смт Гвардійське вул. Курсантська     13~ЗТП-190~33,03 Господарник-3~Проверен~0~0~0~4354675~НІК 2102-02~6364~электронный~Однофазный~6~5~1,0~1~106122~5~Абонент~0,2~~~~~~0,36~~~~~~~Установлен~13.07.2015~~16~~0~~~~~~~~~Старостенко Є.І~31~PC011131
~41~70000036~Р ФОП Суварян А.В.~Iншi~смт Гвардійське вул. Ювілейна     2а~ЗТП-190~36,02 кафе~Проверен~0~0~0~1650388~НІК 2102-02~6364~электронный~Однофазный~6~5~1,0~1~106184~3~Абонент~0,2~~~~~~0,20~~~~~~~~01.11.2016~~16~~0~~~~~~~~~Старостенко Є.І~31~PC011131
~42~70000036~Р ФОП Суварян А.В.~Iншi~смт Гвардійське вул. Ювілейна     2а~ЗТП-190~36,01 кафе~Проверен~0~0~0~8117890~НІК2301 АП3В~6476~электронный~Трехфазный~6~5~~1~106178~9~Абонент~0,4~~~~~~15,88~~~~~~~Установлен~27.07.2015~01.10.2016~16~01.10.2032~0~~~~~~~~~Старостенко Є.І~31~PC011131
~43~70000039~Р ФОП Шмунь Л.М.~Iншi~смт Черкаське вул. Лісна~ЗТП-182~39,02 кіоск~Проверен~0~0~0~0958523~НІК 2102-02~6364~электронный~Однофазный~6~5~1,0~1~106016~3~Абонент~0,2~~~~~~0,22~~~~~~~Установлен~10.06.2015~~16~~0~~~~~~~~~Орел А.Л.~31~PC011331
~44~70000039~Р ФОП Шмунь Л.М.~Iншi~смт Черкаське вул. Лісна      5/ 63~ЗТП-178~39,01 магазин~Проверен~0~0~0~203595~СО-ЭА05 М1~6484~электронный~Однофазный~6~5~1~1~106011~5~Абонент~0,2~~~~~~0,34~~~~~~~~10.06.2015~~16~~0~~~~~~~~~Орел А.Л.~31~PC011331
~45~70000041~Р ФОП Пискун В.І.~Iншi~смт Черкаське вул. Лісна~ЗТП-173~41,01 магазин Світанок~Проверен~0~0~0~10620654~NIK 2303 AP3.1000.MC.11~6540~электронный~Трехфазный~6~5~1~1~106025~10~Абонент~0,4~~~~~~18,05~~~~~~~~04.01.2019~~16~~0~~~~~~~~~Орел А.Л.~31~PC011331
~46~70000041~Р ФОП Пискун В.І.~Iншi~смт Черкаське вул. Лісна    14а~ЗТП-188~41,02 магазин Смак~Проверен~0~0~0~8256150~НІК 2102-02.М2В~10539~электронный~Однофазный~6~5~1~1~106030~10~Абонент~0,2~~~~~~0,72~~~~~~~~21.12.2018~~16~~0~~~~~~~~~Орел А.Л.~31~PC011331
~47~70000042~Р КОНЦЕРН "ВІЙСЬКТОРГСЕРВІС"~Iншi~смт Гвардійське вул. Гагаріна     13~ЗТП-180~42,05 кафе-бар №1~Проверен~0~0~0~0328904~НІК 2301АП3~6372~электронный~Трехфазный~6~5~1,0~1~107145~7~Абонент~0,4~~~~~~12,18~~~~~~~~30.12.2015~~16~~0~~~~~~~~~Старостенко Є.І~31~PC011131
~48~70000042~Р КОНЦЕРН "ВІЙСЬКТОРГСЕРВІС"~Iншi~смт Гвардійське вул. Гагаріна     13~ЗТП-168~42,04 гараж~Проверен~0~0~0~0328923~НІК 2301АП3~6372~электронный~Трехфазный~6~5~1,0~1~107141~31~Абонент~0,4~~~~~~55,23~~~~~~~~30.12.2015~~16~~0~~~~~~~~~Старостенко Є.І~31~PC011131
~49~70000042~Р КОНЦЕРН "ВІЙСЬКТОРГСЕРВІС"~Iншi~смт Черкаське вул. Лісна~ЗТП-188~42,01 бар №2~Проверен~0~0~0~0328995~НІК 2301АП3~6372~электронный~Трехфазный~6~5~1,0~1~107127~28~Абонент~0,4~~~~~~50,54~~~~~~~~30.12.2015~~16~~0~~~~~~~~~Орел А.Л.~31~PC011331
~50~70000042~Р КОНЦЕРН "ВІЙСЬКТОРГСЕРВІС"~Iншi~смт Черкаське вул. Лісна~ЗТП-172~42,02 магазин №5~Проверен~0~0~0~0757352~НІК 2301АП1~6370~электронный~Трехфазный~6~5~1,0~1~107131~50~Абонент~0,4~~~~~~90,02~~~~~~~Установлен~30.12.2015~~16~~0~~~~~~~~~Орел А.Л.~31~PC011331
~51~70000042~Р КОНЦЕРН "ВІЙСЬКТОРГСЕРВІС"~Iншi~смт Черкаське вул. Лісна~ЗТП-178~42,03 магазин №4~Проверен~0~0~0~8229992~НІК 2301АП1~6370~электронный~Трехфазный~6~5~1,0~1~107136~29~Абонент~0,4~~~~~~52,22~~~~~~~Установлен~30.12.2015~~16~~0~~~~~~~~~Орел А.Л.~31~PC011331
~52~70000043~Р АТ "ДНІПРОПЕТРОВСЬКГАЗ"~Iншi~смт Губиниха вул. Нова~МТП-318~43,03 катодна станція~Проверен~0~0~0~0554606~НІК 2102-02~6364~электронный~Однофазный~6~5~1,0~1~106931~1~Абонент~0,2~~~~~~0,09~~~~~~~~28.10.2015~~16~~0~~~~~~~~~Синельник П.В.~31~PC011231
~53~70000043~Р АТ "ДНІПРОПЕТРОВСЬКГАЗ"~Iншi~смт Губиниха вул. Берегового     13~ЗТП-1~43,02 катодна станція~Проверен~0~0~0~0791153~НІК 2102-02~6364~электронный~Однофазный~6~5~1,0~1~106926~1~Абонент~0,4~~~~~~2,17~~~~~~~~28.10.2015~~16~~0~~~~~~~~~Синельник П.В.~31~PC011231
~54~70000043~Р АТ "ДНІПРОПЕТРОВСЬКГАЗ"~Iншi~м. Новомосковськ   Заводська~КТП-574~43,04 катодна станція~Проверен~0~0~0~3107916~НІК 2101-02 М1~6487~электронный~Однофазный~6~5~1~1~107122~1~Абонент~0,2~~~~~~0,04~~~~~~~~28.10.2015~~16~~0~~~~~~~~~Старостенко Є.І~31~PC011131
~55~70000043~Р АТ "ДНІПРОПЕТРОВСЬКГАЗ"~Iншi~смт Гвардійське вул. Танкова     23~ЗТП-180~43,01 дільниця №1~Проверен~0~0~0~436307~СО-ЭА05 М1~6484~электронный~Однофазный~6~5~1~1~106921~2~Абонент~0,2~~~~~~0,11~~~~~~~~28.10.2015~~16~~0~~~~~~~~~Старостенко Є.І~31~PC011131
~56~70000044~Р ПАТ"УКРТЕЛЕКОМ" точка ринка~Iншi~смт Гвардійське вул. Сітьова      1~ЗТП-190~44,01 АТС~Проверен~0~0~0~0719034~НІК 2301АП2~6371~электронный~Трехфазный~6~5~1,0~1~107118~4~Абонент~0,4~~~~~~6,32~~~~~~~Установлен~24.12.2015~~16~~0~~~~~~~~~Старостенко Є.І~31~PC011131
~57~70000045~Р ТОВ МК "ІРІС"~Iншi~смт Черкаське вул. Лісна      9~ЗТП-188~45,01 аптека~Проверен~0~0~0~7747936~НІК 2102-02.М2В~10539~электронный~Однофазный~6~5~1~1~105967~5~Абонент~0,2~~~~~~0,36~~~~~~~Установлен~17.06.2016~01.05.2016~16~01.05.2032~0~~~~~~~~~Орел А.Л.~31~PC011331
~58~70000046~Р ФОП Лисогора В.Г. суб~Iншi~смт Черкаське вул. Лісна~ЗТП-172~46,01 торговий павільон~Проверен~0~0~0~2389435~НІК 2102-02~6364~электронный~Однофазный~6~5~1,0~1~106343~3~Абонент~0,2~~~~~~0,22~~~~~~~Установлен~17.09.2015~~16~~0~~~~~~~~~Орел А.Л.~31~PC011331
~59~70000047~Р ФОП Жубангалієва З.В.~Iншi~смт Черкаське вул. Лісна     1а~ЗТП-173~47,01 магазин~Проверен~0~0~0~28006336~НІК 2102-02~6364~электронный~Однофазный~6~5~1,0~1~106035~3~Абонент~0,2~~~~~~0,20~~~~~~~~15.05.2015~15.05.2015~16~15.05.2031~0~~~~~~~~~Орел А.Л.~31~PC011331
~60~70000048~ДП "НОВОМОСКОВСЬКИЙ ВІЙСЬКОВИЙ ЛІСГОСП"~Iншi~с. Вільне вул.~КТПН-181~48,01лісгосп~Проверен~0~0~0~0201660~НІК 2303 АРК1 1100~6488~электронный~Трехфазный~6~5~1~4~107102~121~Абонент~0,4~200/5~40~~~Абонент~217,51~~~~~~~~15.12.2015~~16~~0~~~~~~~~~Старостенко Є.І~31~PC011131
~61~70000055~Р ФОП Полежаєв М.М.~Iншi~смт Черкаське вул. Лісна~ЗТП-159~55,01 майстерня~Проверен~0~0~0~0306118~НІК 2301АП3~6372~электронный~Трехфазный~6~5~1,0~1~105989~15~Абонент~0,4~~~~~~27,08~~~~~~~~26.06.2015~~16~~0~~~~~~~~~Орел А.Л.~31~PC011331
~62~70000057~Р АТ"Державний ощадний банк України"~Iншi~смт Черкаське вул. Лісна      4~ЗТП-173~57,01 ощадбанк~Проверен~0~0~0~1173386~НІК 2102-02~6364~электронный~Однофазный~6~5~1,0~1~107150~1~Абонент~0,2~~~~~~0,07~~~~~~~Установлен~17.12.2015~~16~~0~~~~~~~~~Орел А.Л.~31~PC011331
~63~70000058~Р ВІДДІЛ ОСВІТИ~Районний бюджет~смт Губиниха~ЗТП-2~58,08 котельня~Проверен~0~0~0~0005911~НІК 2303АРП1~6378~электронный~Трехфазный~6~5~1,0~1~107748~12~Абонент~0,4~~~~~~20,76~~~~~~~~01.04.2016~~16~~0~~~~~~~~~Синельник П.В.~31~PC011231
~64~70000058~Р ВІДДІЛ ОСВІТИ~Районний бюджет~смт Черкаське вул. Лісна~ЗТП-188~58,06 їдальня Черкаське~Проверен~0~0~0~0101423~НІК 2301АК1~6329~электронный~Трехфазный~6~5~1,0~1~107729~29~Абонент~0,4~300/5~60~~~Абонент~52,35~5,73~~~~~~Установлен~01.04.2016~~16~~0~~~~~~~~~Орел А.Л.~31~PC011331
~65~70000058~Р ВІДДІЛ ОСВІТИ~Районний бюджет~смт Черкаське вул. Лісна~ЗТП-178~58,02 Черкаська школа~Проверен~0~0~0~0101444~НІК 2301АК1~6329~электронный~Трехфазный~6~5~1,0~1~107704~12~Абонент~0,4~200/5~40~~~Абонент~22,38~8,94~~~~~~Установлен~01.04.2016~~16~~0~~~~~~~~~Орел А.Л.~31~PC011331
~66~70000058~Р ВІДДІЛ ОСВІТИ~Районний бюджет~смт Черкаське вул. Лісна~ЗТП-178~58,03 Черкаська школа~Проверен~0~0~0~0134539~НІК 2301АК1~6329~электронный~Трехфазный~6~5~1,0~1~107711~13~Абонент~0,4~200/5~40~~~Абонент~22,56~8,86~~~~~~Установлен~01.04.2016~~16~~0~~~~~~~~~Орел А.Л.~31~PC011331
~67~70000058~Р ВІДДІЛ ОСВІТИ~Районний бюджет~смт Черкаське вул. Лісна~ЗТП-188~58,05 їдальня Черкаське~Проверен~0~0~0~0134548~НІК 2301АК1~6329~электронный~Трехфазный~6~5~1,0~1~107723~29~Абонент~0,4~300/5~60~~~Абонент~52,35~5,73~~~~~~Установлен~01.04.2016~~16~~0~~~~~~~~~Орел А.Л.~31~PC011331
~68~70000058~Р ВІДДІЛ ОСВІТИ~Районний бюджет~смт Черкаське вул. Лісна~ЗТП-178~58,04 Черкаська школа~Проверен~0~0~0~0302363~НІК 2301АП3~6372~электронный~Трехфазный~6~5~1,0~1~107717~25~Абонент~0,4~~~~~~45,13~~~~~~~Установлен~01.04.2016~~16~~0~~~~~~~~~Орел А.Л.~31~PC011331
~69~70000058~Р ВІДДІЛ ОСВІТИ~Районний бюджет~смт Губиниха~ЗТП-2~58,09 СЮТ~Проверен~0~0~0~0399780~НІК 2301АП3~6372~электронный~Трехфазный~6~5~1,0~1~107761~10~Абонент~0,4~~~~~~18,05~~~~~~~~01.04.2016~~16~~0~~~~~~~~~Синельник П.В.~31~PC011231
~70~70000058~Р ВІДДІЛ ОСВІТИ~Районний бюджет~смт Губиниха~ЗТП-2~58,07 Губинихська школа~Проверен~0~0~0~0400456~НІК 2301АП3~6372~электронный~Трехфазный~6~5~1,0~1~107738~20~Абонент~0,4~~~~~~36,10~~~~~~~~01.04.2016~~16~~0~~~~~~~~~Синельник П.В.~31~PC011231
~71~70000058~Р ВІДДІЛ ОСВІТИ~Районний бюджет~смт Губиниха~ЗТП-2~58,10 їдальня~Проверен~0~0~0~0400481~НІК 2301АП3~6372~электронный~Трехфазный~6~5~1,0~1~107771~30~Абонент~0,4~~~~~~54,15~~~~~~~~01.04.2016~~16~~0~~~~~~~~~Синельник П.В.~31~PC011231
~72~70000058~Р ВІДДІЛ ОСВІТИ~Районний бюджет~смт Гвардійське вул. Ювілейна     12~ЗТП-167~58,01 Гвардійська школа~Проверен~0~0~0~10186898~NIK 2301 AP3.0000.0.11~6538~электронный~Трехфазный~6~5~1~1~107698~59~Абонент~0,4~~~~~~105,78~~~~~~~~26.12.2019~~16~~0~~~~~~~~~Старостенко Є.І~31~PC011131
~73~70000059~Р ФОП Новікова Г.Б.~Iншi~смт Черкаське вул. Лісна     20~ЗТП-173~59,01 кіоск~Проверен~0~0~0~1233826~НІК 2102-02~6364~электронный~Однофазный~6~5~1,0~1~105979~3~Абонент~0,2~~~~~~0,18~~~~~~~~25.06.2015~~16~~0~~~~~~~~~Орел А.Л.~31~PC011331
~74~70000060~Р ФОП Потак З.І.~Iншi~смт Черкаське вул. Гагаріна      3~ЗТП-182~60,01. майстерня~Проверен~0~0~0~0301466~НІК 2301АП3~6372~электронный~Трехфазный~6~5~1,0~1~105974~15~Абонент~0,4~~~~~~27,71~~~~~~~~26.08.2015~~16~~0~~~~~~~~~Орел А.Л.~31~PC011331
~75~70000065~Р ФОП Данилюк З.С.~Iншi~смт Черкаське вул. Лісна    10б~ЗТП-188~65,03 літня площадка~Проверен~0~0~0~0189626~НІК 2301АП1~6370~электронный~Трехфазный~6~5~1,0~1~107091~2~Абонент~0,4~~~~~~3,61~~~~~~~Установлен~30.09.2015~~16~~0~~~~~~~~~Орел А.Л.~31~PC011331
~76~70000065~Р ФОП Данилюк З.С.~Iншi~смт Черкаське вул. Лісна    10а~ЗТП-188~65,02 магазин "Данко"~Проверен~0~0~0~0189631~НІК 2301АП1~6370~электронный~Трехфазный~6~5~1,0~1~107087~3~Абонент~0,4~~~~~~5,87~~~~~~~Установлен~30.09.2015~~16~~0~~~~~~~~~Орел А.Л.~31~PC011331
~77~70000065~Р ФОП Данилюк З.С.~Iншi~смт Черкаське вул. Лісна     3а~ЗТП-173~65,01 магазин~Проверен~0~0~0~0877083~НІК 2301АП1~6370~электронный~Трехфазный~6~5~1,0~1~107082~4~Абонент~0,4~~~~~~8,03~~~~~~~~30.09.2015~~16~~0~~~~~~~~~Орел А.Л.~31~PC011331
~78~70000066~БУДИНКОУПРАВЛІННЯ № 2 осн~Iншi~смт Черкаське вул. Лісна     12~ЗТП-188~66,28 жб №12 вул.Лісна~Проверен~0~0~0~0110922~НІК 2301АП1~6370~электронный~Трехфазный~6~5~1,0~1~107216~68~Абонент~0,4~~~~~~122,74~~~~~~~~01.10.2015~~16~~0~~~~~~~~~Орел А.Л.~31~PC011331
~79~70000066~БУДИНКОУПРАВЛІННЯ № 2 осн~Iншi~смт Черкаське вул. Лісна~ЗТП-173~66,05 котельня №246~Проверен~0~0~0~0133837~НІК 2301АК1~6329~электронный~Трехфазный~6~5~1,0~1~107263~151~Абонент~0,4~150/5~30~~~Абонент~271,84~~~~~~~~01.10.2015~~16~~0~~~~~~~~~Орел А.Л.~31~PC011331
~80~70000066~БУДИНКОУПРАВЛІННЯ № 2 осн~Iншi~смт Черкаське вул. Лісна~ЗТП-188~66,29 котельня №196~Проверен~0~0~0~0134839~НІК 2301АК1~6329~электронный~Трехфазный~6~5~1,0~1~107258~94~Абонент~0,4~400/5~80~~~Абонент~168,88~2,37~~~~~~~01.10.2015~~16~~0~~~~~~~~~Орел А.Л.~31~PC011331
~81~70000066~БУДИНКОУПРАВЛІННЯ № 2 осн~Iншi~смт Черкаське вул. Лісна     14~ЗТП-188~66,31 жб №14 вул.Лісна~Проверен~0~0~0~0211041~НІК 2303 АРП3 1100МС~6477~электронный~Трехфазный~6~5~1~4~107224~70~Абонент~0,4~~~~~~126,35~~~~~~~~01.10.2015~~16~~0~~~~~~~~~Орел А.Л.~31~PC011331
~82~70000066~БУДИНКОУПРАВЛІННЯ № 2 осн~Iншi~смт Черкаське вул. Лісна     13~ЗТП-188~66,30 жб №13 вул.Лісна~Проверен~0~0~0~0211951~НІК 2303 АРП3 1100МС~6477~электронный~Трехфазный~6~5~1~4~107220~70~Абонент~0,4~~~~~~126,35~~~~~~~~01.10.2015~~16~~0~~~~~~~~~Орел А.Л.~31~PC011331
~83~70000066~БУДИНКОУПРАВЛІННЯ № 2 осн~Iншi~смт Черкаське вул. Лісна      8~ЗТП-178~66,20 жб №8 вул.Лісна~Проверен~0~0~0~0212726~НІК 2303 АРП3 1100МС~6477~электронный~Трехфазный~6~5~1~4~107203~72~Абонент~0,4~~~~~~129,06~~~~~~~~01.10.2015~~16~~0~~~~~~~~~Орел А.Л.~31~PC011331
~84~70000066~БУДИНКОУПРАВЛІННЯ № 2 осн~Iншi~смт Черкаське вул. Лісна      4~ЗТП-173~66,09 жб №4 віл.Лісна~Проверен~0~0~0~0222272~НІК 2301АК1~6329~электронный~Трехфазный~6~5~1,0~1~107198~41~Абонент~0,4~200/5~40~~~Абонент~74,01~2,70~~~~~~~01.10.2015~~16~~0~~~~~~~~~Орел А.Л.~31~PC011331
~85~70000066~БУДИНКОУПРАВЛІННЯ № 2 осн~Iншi~смт Черкаське вул. Лісна      4~ЗТП-173~66,04 жб №4 вул.Лісна~Проверен~0~0~0~0222290~НІК 2301АК1~6329~электронный~Трехфазный~6~5~1,0~1~107193~41~Абонент~0,4~200/5~40~~~Абонент~74,01~2,70~~~~~~~01.10.2015~~16~~0~~~~~~~~~Орел А.Л.~31~PC011331
~86~70000066~БУДИНКОУПРАВЛІННЯ № 2 осн~Iншi~смт Черкаське вул. Лісна      9~ЗТП-178~66,18 жб №9 віл.Лісна~Проверен~0~0~0~0251232~НІК 2301АП1~6370~электронный~Трехфазный~6~5~1,0~1~107207~67~Абонент~0,4~~~~~~120,94~~~~~~~~01.10.2015~~16~~0~~~~~~~~~Орел А.Л.~31~PC011331
~87~70000066~БУДИНКОУПРАВЛІННЯ № 2 осн~Iншi~смт Черкаське вул. Лісна~ЗТП-191~66,33 котельня №50 "Факел"~Проверен~0~0~0~0318815~НІК 2301АК1~6329~электронный~Трехфазный~6~5~1,0~1~107254~152~Абонент~0,4~300/5~60~~~Абонент~274,55~~~~~~~~01.10.2015~~16~~0~~~~~~~~~Орел А.Л.~31~PC011331
~88~70000066~БУДИНКОУПРАВЛІННЯ № 2 осн~Iншi~смт Черкаське вул. Лісна      1~ЗТП-173~66,11 ж.б.№1 вул.Лісна~Проверен~0~0~0~045959~СТ-ЭА 05~6343~электронный~Трехфазный~6~10~1,0~1~106349~90~Абонент~0,4~300/5~60~01.01.2015~~Абонент~162,45~1,85~~~~~~~01.10.2015~01.01.2015~10~01.01.2025~0~~~~~~~~~Орел А.Л.~31~PC011331
~89~70000066~БУДИНКОУПРАВЛІННЯ № 2 осн~Iншi~смт Черкаське вул. Лісна     16~ЗТП-173~66,01 жб №16 вул.Лісна~Проверен~0~0~0~045990~СТ-ЭА 05~6343~электронный~Трехфазный~6~10~1,0~1~107233~72~Абонент~0,4~150/5~30~~~Абонент~129,96~~~~~~~~01.10.2015~~10~~0~~~~~~~~~Орел А.Л.~31~PC011331
~90~70000066~БУДИНКОУПРАВЛІННЯ № 2 осн~Iншi~смт Черкаське вул. Лісна     1б~ЗТП-188~66,27 жб №1б ул.Лісна~Проверен~0~0~0~054466~СТ-ЭА 05~6343~электронный~Трехфазный~6~10~1,0~1~107178~21~Абонент~0,4~200/5~40~~~Абонент~37,91~5,28~~~~~~~01.10.2015~~10~~0~~~~~~~~~Орел А.Л.~31~PC011331
~91~70000066~БУДИНКОУПРАВЛІННЯ № 2 осн~Iншi~смт Черкаське вул. Лісна     10~ЗТП-188~66,26 жб №10 вул.Лісна~Проверен~0~0~0~054547~СТ-ЭА 05~6343~электронный~Трехфазный~6~10~1,0~1~107211~67~Абонент~0,4~300/5~60~~~Абонент~120,94~2,48~~~~~~~01.10.2015~~10~~0~~~~~~~~~Орел А.Л.~31~PC011331
~92~70000066~БУДИНКОУПРАВЛІННЯ № 2 осн~Iншi~смт Черкаське вул. Лісна     15~ЗТП-173~66,07 жб №15 вул.Лісна~Проверен~0~0~0~054698~СТ-ЭА 05~6343~электронный~Трехфазный~6~10~1,0~1~107228~72~Абонент~0,4~200/5~40~~~Абонент~129,96~~~~~~~~01.10.2015~~10~~0~~~~~~~~~Орел А.Л.~31~PC011331
~93~70000066~БУДИНКОУПРАВЛІННЯ № 2 осн~Iншi~смт Черкаське вул. Лісна     1а~ЗТП-173~66,13 жб №1а вул.Лісна~Проверен~0~0~0~055392~СТ-ЭА 05~6343~электронный~Трехфазный~6~10~1,0~1~107173~21~Абонент~0,4~200/5~40~~~Абонент~37,91~5,28~~~~~~~01.10.2015~~10~~0~~~~~~~~~Орел А.Л.~31~PC011331
~94~70000066~БУДИНКОУПРАВЛІННЯ № 2 осн~Iншi~смт Черкаське вул. Лісна      3~ЗТП-173~66,03 жб №3 вул.Лісна~Проверен~0~0~0~055459~СТ-ЭА 05~6343~электронный~Трехфазный~6~10~1,0~1~107188~41~Абонент~0,4~300/5~60~~~Абонент~74,01~4,05~~~~~~~01.10.2015~~10~~0~~~~~~~~~Орел А.Л.~31~PC011331
~95~70000066~БУДИНКОУПРАВЛІННЯ № 2 осн~Iншi~смт Черкаське вул. Лісна      3~ЗТП-173~66,02 жб №3 вул.Лісна~Проверен~0~0~0~0595039~НІК 2301АК1~6329~электронный~Трехфазный~6~5~1,0~1~107183~41~Абонент~0,4~200/5~40~~~Абонент~74,01~2,70~~~~~~Установлен~01.10.2015~~16~~0~~~~~~~~~Орел А.Л.~31~PC011331
~96~70000066~БУДИНКОУПРАВЛІННЯ № 2 осн~Iншi~смт Черкаське вул. Гагаріна     1б~ЗТП-182~66,24 жб №1б вул.Гагаріна~Проверен~0~0~0~07139~Дельта 8010-11~6475~электронный~Трехфазный~6~10~~1~107238~18~Абонент~0,4~~~~~~32,49~~~~~~~~01.10.2015~~6~~0~~~~~~~~~Орел А.Л.~31~PC011331
~97~70000066~БУДИНКОУПРАВЛІННЯ № 2 осн~Iншi~смт Черкаське вул. Гагаріна     1в~ЗТП-182~66,25 жб № 1в вул.Гагаріна~Проверен~0~0~0~07467~Дельта 8010-11~6475~электронный~Трехфазный~6~10~~1~107244~18~Абонент~0,4~~~~~~32,49~~~~~~~~01.10.2015~~6~~0~~~~~~~~~Орел А.Л.~31~PC011331
~98~70000066~БУДИНКОУПРАВЛІННЯ № 2 осн~Iншi~смт Черкаське вул. Лісна     18~ЗТП-173~66,12 офіс~Проверен~0~0~0~1321065~НІК 2102-02~6364~электронный~Однофазный~6~5~1,0~1~107249~2~Абонент~0,2~~~~~~0,14~~~~~~~~01.10.2015~~16~~0~~~~~~~~~Орел А.Л.~31~PC011331
~99~70000066~БУДИНКОУПРАВЛІННЯ № 2 осн~Iншi~смт Черкаське вул. Лісна~ЗТП-188~66,34 КНС-7~Проверен~0~0~0~1432769~НІК 2102-02~6364~электронный~Однофазный~6~5~1,0~1~109211~2~Абонент~0,2~~~~~~0,12~~~~~~~Установлен~31.12.2018~~16~~0~~~~~~~~~Орел А.Л.~31~PC011331
~100~70000066~БУДИНКОУПРАВЛІННЯ № 2 осн~Iншi~смт Черкаське вул. Лісна      5/ 63~ЗТП-178~66,10 жб №5 вул.Лісна, осв. 5 під'їзд~Проверен~0~0~0~5317942~НІК 2102-02.М2В~10539~электронный~Однофазный~6~5~1~1~107288~2~Абонент~0,2~~~~~~0,14~~~~~~~~01.10.2015~~16~~0~~~~~~~~~Орел А.Л.~31~PC011331
~101~70000066~БУДИНКОУПРАВЛІННЯ № 2 осн~Iншi~смт Черкаське вул. Лісна     17~ЗТП-188~66,32 жб № 17 вул.Лісна, осв.~Проверен~0~0~0~5317967~НІК 2102-02.М2В~10539~электронный~Однофазный~6~5~1~1~107312~2~Абонент~0,2~~~~~~0,14~~~~~~~~01.10.2015~~16~~0~~~~~~~~~Орел А.Л.~31~PC011331
~102~70000066~БУДИНКОУПРАВЛІННЯ № 2 осн~Iншi~смт Черкаське вул. Лісна      6~ЗТП-178~66,22 жб №6 вул.Лісна осв. 2 п.~Проверен~0~0~0~5317971~НІК 2102-02.М2В~10539~электронный~Однофазный~6~5~1~1~107292~2~Абонент~0,2~~~~~~0,14~~~~~~~~01.10.2015~~16~~0~~~~~~~~~Орел А.Л.~31~PC011331
~103~70000066~БУДИНКОУПРАВЛІННЯ № 2 осн~Iншi~смт Черкаське вул. Лісна      2~ЗТП-173~66,08 жб №2 вул.Лісна, освітлення~Проверен~0~0~0~5317980~НІК 2102-02.М2В~10539~электронный~Однофазный~6~5~1~1~107280~2~Абонент~0,2~~~~~~0,14~~~~~~~~01.10.2015~~16~~0~~~~~~~~~Орел А.Л.~31~PC011331
~104~70000066~БУДИНКОУПРАВЛІННЯ № 2 осн~Iншi~смт Черкаське вул. Лісна     11~ЗТП-178~66,17 жб №11 вул.Лісна,осв.3 під'їзд~Проверен~0~0~0~5325939~НІК 2102-02.М2В~10539~электронный~Однофазный~6~5~1~1~107308~2~Абонент~0,2~~~~~~0,14~~~~~~~~01.10.2015~~16~~0~~~~~~~~~Орел А.Л.~31~PC011331
~105~70000066~БУДИНКОУПРАВЛІННЯ № 2 осн~Iншi~смт Черкаське вул. Лісна      7~ЗТП-178~66,21 жб №7 вул.Лісна,осв. 5 п.~Проверен~0~0~0~5325977~НІК 2102-02.М2В~10539~электронный~Однофазный~6~5~1~1~107304~2~Абонент~0,2~~~~~~0,14~~~~~~~~01.10.2015~~16~~0~~~~~~~~~Орел А.Л.~31~PC011331
~106~70000066~БУДИНКОУПРАВЛІННЯ № 2 осн~Iншi~смт Черкаське вул. Лісна      5/ 63~ЗТП-178~66,06 жб №5 вул.Лісна,освітлення 2 під'їзд~Проверен~0~0~0~5326388~НІК 2102-02.М2В~10539~электронный~Однофазный~6~5~1~1~107284~2~Абонент~0,2~~~~~~0,14~~~~~~~~01.10.2015~~16~~0~~~~~~~~~Орел А.Л.~31~PC011331
~107~70000066~БУДИНКОУПРАВЛІННЯ № 2 осн~Iншi~смт Черкаське вул. Лісна      7~ЗТП-178~66,19 жб №7 вул.Лісна, осв.2 п,~Проверен~0~0~0~5967722~НІК 2102-02.М2В~10539~электронный~Однофазный~6~5~1~1~107300~2~Абонент~0,2~~~~~~0,14~~~~~~~~01.10.2015~~16~~0~~~~~~~~~Орел А.Л.~31~PC011331
~108~70000066~БУДИНКОУПРАВЛІННЯ № 2 осн~Iншi~смт Черкаське вул. Лісна      6~ЗТП-178~66,23 жб №6 вул.Лісна,осв.5п.~Проверен~0~0~0~5967783~НІК 2102-02.М2В~10539~электронный~Однофазный~6~5~1~1~107296~2~Абонент~0,2~~~~~~0,14~~~~~~~~01.10.2015~~16~~0~~~~~~~~~Орел А.Л.~31~PC011331
~109~70000066~БУДИНКОУПРАВЛІННЯ № 2 осн~Iншi~смт Черкаське вул. Дачна     10~ЗТП-177~66,16 жд №10 вул.Дачна~Проверен~0~0~0~7037496~НІК 2102-02.М2В~10539~электронный~Однофазный~6~5~1~1~107268~3~Абонент~0,2~~~~~~0,22~~~~~~~~01.10.2015~~16~~0~~~~~~~~~Орел А.Л.~31~PC011331
~110~70000067~Р ТОВ "МОБІТЕК-САМАРА"~Iншi~смт Гвардійське вул. Ювілейна     14~ЗТП-175~67,01 Майстерня~Проверен~0~0~0~1031576~НІК2301 АП3В~6476~электронный~Трехфазный~6~5~~1~106189~34~Абонент~0,4~~~~~~61,77~~~~~~~~11.09.2019~~16~~0~~~~~~~~~Старостенко Є.І~31~PC011131
~111~70000068~Р ФОП СРІБЯНИК С. А.~Iншi~смт Черкаське вул. Лісна     18~ЗТП-173~68,01 магазин~Проверен~0~0~0~0620917~НІК 2102-02~6364~электронный~Однофазный~6~5~1,0~1~106045~2~Абонент~0,2~~~~~~0,13~~~~~~~~22.05.2015~22.05.2015~16~22.05.2031~0~~~~~~~~~Орел А.Л.~31~PC011331
~112~70000070~ГУБИНИСЬКА СЕЛИЩНА РАДА~Мiський бюджет~смт Губиниха вул. Берегового     10~ЗТП-1~70.03 гуртожиток~Проверен~0~0~0~0155381~НІК 2301АК1~6329~электронный~Трехфазный~6~5~1,0~1~107756~200~Абонент~0,4~300/5~60~~~Абонент~361,01~~~~~~~~01.04.2016~~16~~0~~~~~~~~~Синельник П.В.~31~PC011231
~113~70000070~ГУБИНИСЬКА СЕЛИЩНА РАДА~Мiський бюджет~смт Губиниха вул. Берегового     17~ЗТП-1~70.01 дитячий садок~Проверен~0~0~0~0247154~НІК 2301АП1~6370~электронный~Трехфазный~6~5~1,0~1~107752~40~Абонент~0,4~~~~~~72,20~~~~~~~~01.04.2016~~16~~0~~~~~~~~~Синельник П.В.~31~PC011231
~114~70000070~ГУБИНИСЬКА СЕЛИЩНА РАДА~Мiський бюджет~смт Губиниха вул. Шевченка     28~ЗТП-2~70.02 будинок культури~Проверен~0~0~0~0247169~НІК 2301АП1~6370~электронный~Трехфазный~6~5~1,0~1~107763~30~Абонент~0,4~~~~~~54,15~~~~~~~Установлен~01.04.2016~~16~~0~~~~~~~~~Синельник П.В.~31~PC011231
~115~70000070~ГУБИНИСЬКА СЕЛИЩНА РАДА~Мiський бюджет~смт Губиниха вул. Берегового~ЗТП-1~70.04 Зовнішнє освітлення~Проверен~0~0~0~140472~СТК1-10.К52~6386~электронный~Однофазный~6~5~1,0~3~107767~5~Абонент~0,2~~~~~~0,36~~~~~~~~01.04.2016~~6~~0~~~~~~~~~Синельник П.В.~31~PC011231
~116~70000073~Р ФОП Чухрай М.І.~Iншi~смт Губиниха вул. Берегового    47а~ЗТП-1~73,01 павільон~Проверен~0~0~0~2833066~НІК 2102-02~6364~электронный~Однофазный~6~5~1,0~1~106418~5~Абонент~0,2~~~~~~0,36~~~~~~~Установлен~30.11.2015~~16~~0~~~~~~~~~Синельник П.В.~31~PC011231
~117~70000073~Р ФОП Чухрай М.І.~Iншi~смт Губиниха вул. Берегового     32/ 17~ЗТП-2~73,02 магазин~Проверен~0~0~0~6724854~НІК 2102-02.М2В~10539~электронный~Однофазный~6~5~1~1~106422~6~Абонент~0,2~~~~~~0,43~~~~~~~Установлен~30.11.2015~~16~~0~~~~~~~~~Синельник П.В.~31~PC011231
~118~70000074~Р ФОП Різченко С.В.~Iншi~смт Губиниха вул. Берегового     47~ЗТП-1~74,01 магазин~Проверен~0~0~0~2834133~НІК 2102-02~6364~электронный~Однофазный~6~5~1,0~1~107114~5~Абонент~0,2~~~~~~0,36~~~~~~~Установлен~22.10.2015~22.10.2015~16~22.10.2031~0~~~~~~~~~Синельник П.В.~31~PC011231
~119~70000078~Р ФОП Клименко Т.В.~Iншi~смт Гвардійське вул. Гагаріна     16~ЗТП-168~22,02 магазин "Татьяна"~Проверен~0~0~0~0230189~НІК 2301АП1~6370~электронный~Трехфазный~6~5~1,0~1~109220~10~Абонент~0,4~~~~~~18,05~~~~~~~Установлен~31.12.2018~~16~~0~~~~~~~~~Старостенко Є.І~31~PC011131
~120~70000078~Р ФОП Клименко Т.В.~Iншi~смт Черкаське вул. Гагаріна~ЗТП-182~78,01 магазин "Гриша"~Проверен~0~0~0~0285435~НІК 2303 АП3 1140МС~6478~электронный~Трехфазный~6~5~1~4~106907~10~Абонент~0,4~~~~~~18,05~~~~~~~~26.10.2015~~16~~0~~~~~~~~~Орел А.Л.~31~PC011331
~121~70000078~Р ФОП Клименко Т.В.~Iншi~смт Гвардійське вул. Гагаріна     13~ЗТП-168~79,04 магазін "Елена"~Проверен~0~0~0~8984894~NIK2303 ARP3.1000.MC.11~6520~электронный~Трехфазный~6~5~1~1~109216~49~Абонент~0,4~~~~~~88,45~~~~~~~~31.12.2018~01.01.2018~16~01.01.2034~0~~~~~~~~~Старостенко Є.І~31~PC011131
~122~70000079~Р ФОП Шаркун С.Г.~Iншi~смт Черкаське вул. Гагаріна~ЗТП-177~79,02 гараж~Проверен~0~0~0~0104036~НІК 2301АП1~6370~электронный~Трехфазный~6~5~1,0~1~106275~10~Абонент~0,4~~~~~~18,05~~~~~~~Установлен~17.06.2015~~16~~0~~~~~~~~~Орел А.Л.~31~PC011331
~123~70000079~Р ФОП Шаркун С.Г.~Iншi~смт Черкаське вул. Дачна    18а~ЗТП-159~79,01 майстерня~Проверен~0~0~0~0211885~НІК 2303 АП3 1100 МС~6479~электронный~Трехфазный~6~5~1~4~106269~10~Абонент~0,4~~~~~~18,05~~~~~~~~17.06.2015~~16~~0~~~~~~~~~Орел А.Л.~31~PC011331
~124~70000079~Р ФОП Шаркун С.Г.~Iншi~смт Губиниха вул. Берегового     46~ЗТП-1~79,03 побутовий комбінат~Проверен~0~0~0~0499737~НІК 2301АП1~6370~электронный~Трехфазный~6~5~1,0~1~106281~40~Абонент~0,4~~~~~~72,20~~~~~~~Установлен~17.06.2015~~16~~0~~~~~~~~~Синельник П.В.~31~PC011231
~125~70000080~Р ФОП Погоріла Л.С.~Iншi~смт Черкаське вул. Лісна     16~ЗТП-173~80,01 магазин "Дашенька"~Проверен~0~0~0~0229922~НІК 2301АП1~6370~электронный~Трехфазный~6~5~1,0~1~106163~10~Абонент~0,4~~~~~~18,05~~~~~~~~17.07.2015~~16~~0~~~~~~~~~Орел А.Л.~31~PC011331
~126~70000080~Р ФОП Погоріла Л.С.~Iншi~смт Черкаське вул. Лісна     9а~ЗТП-188~80,02 магазин "Ольга"~Проверен~0~0~0~0280213~НІК 2303 АП3Т 1140~6480~электронный~Трехфазный~6~5~1~3~106168~10~Абонент~0,4~~~~~~18,05~~~~~~~~17.07.2015~~16~~0~~~~~~~~~Орел А.Л.~31~PC011331
~127~70000080~Р ФОП Погоріла Л.С.~Iншi~смт Губиниха вул. Берегового    34а~ЗТП-2~80,03 магазин "Сім-Сім"~Проверен~0~0~0~261838~НІК 2303 АП3Т 1140~6480~электронный~Трехфазный~6~5~1~3~106173~10~Абонент~0,4~~~~~~18,05~~~~~~~~17.07.2015~~16~~0~~~~~~~~~Синельник П.В.~31~PC011231
~128~70000081~Р КП "РАЙВОДОКАНАЛ" НОВОМОСКОВСЬКОГО Р~Iншi~смт Гвардійське вул. Сітьова      5~ЗТП-169~КНС-3~Проверен~0~0~0~0136050~НИК 2303АРК1~6381~электронный~Трехфазный~6~5~1,0~1~107623~23~Абонент~0,4~~~~~~41,52~~~~~~~~22.12.2015~~16~~0~~~~~~~~~Старостенко Є.І~31~PC011131
~129~70000081~Р КП "РАЙВОДОКАНАЛ" НОВОМОСКОВСЬКОГО Р~Iншi~смт Гвардійське вул. Сітьова      5~ЗТП-169~КНС-3~Проверен~0~0~0~0136102~НІК 2303АРП3~6380~электронный~Трехфазный~6~5~1,0~1~107628~23~Абонент~0,4~~~~~~41,52~~~~~~~~22.12.2015~~16~~0~~~~~~~~~Старостенко Є.І~31~PC011131
~130~70000081~Р КП "РАЙВОДОКАНАЛ" НОВОМОСКОВСЬКОГО Р~Iншi~смт Гвардійське~КТП-176~Очисні споруди~Проверен~0~0~0~0136104~НІК 2303АРП3~6380~электронный~Трехфазный~6~5~1,0~1~107636~15~Абонент~0,4~~~~~~26,53~~~~~~~~22.12.2015~~16~~0~~~~~~~~~Старостенко Є.І~31~PC011131
~131~70000081~Р КП "РАЙВОДОКАНАЛ" НОВОМОСКОВСЬКОГО Р~Iншi~смт Губиниха~ПС "НВ-ЦЗ" 35/6кВ~81,01 насосна станція~Проверен~0~0~0~01603075~EPQS 122.23.17 LL~6285~электронный~Трехфазный~6~5~0,5S~1~107585~798~Абонент~6,0~150/5~30~~~Абонент~57,66~2,60~НТМИ-6-66 6000/100~60~~~Абонент~Установлен~31.01.2017~~6~~0~~~~~~~~~Синельник П.В.~31~PC011231
~132~70000081~Р КП "РАЙВОДОКАНАЛ" НОВОМОСКОВСЬКОГО Р~Iншi~м. Перещепине вул. Степова      1~ЗТП-489~81,02 ВОС~Проверен~0~0~0~01603083~EPQS 122.23.17 LL~6285~электронный~Трехфазный~6~5~0,5S~1~107576~341~Абонент~0,4~600/5~120~~~Абонент~616,16~~~~~~~Установлен~26.12.2016~~6~~0~~~~~~~~~Синельник П.В.~31~PC011231
~133~70000081~Р КП "РАЙВОДОКАНАЛ" НОВОМОСКОВСЬКОГО Р~Iншi~м. Перещепине вул. Степова      1~ЗТП-489~81,03 ВОС~Проверен~0~0~0~01603263~EPQS 122.23.17 LL~6285~электронный~Трехфазный~6~5~0,5S~1~107582~341~Абонент~0,4~600/5~120~~~Абонент~616,16~~~~~~~Установлен~26.12.2016~~6~~0~~~~~~~~~Синельник П.В.~31~PC011231
~134~70000081~Р КП "РАЙВОДОКАНАЛ" НОВОМОСКОВСЬКОГО Р~Iншi~смт Гвардійське вул. Сітьова     10~ЗТП-187~ВНС-7~Проверен~0~0~0~0182157~НИК 2303АРК1~6381~электронный~Трехфазный~6~5~1,0~1~107631~136~Абонент~0,4~400/5~80~~~Абонент~245,49~1,63~~~~~~~01.11.2016~~16~~0~~~~~~~~~Старостенко Є.І~31~PC011131
~135~70000081~Р КП "РАЙВОДОКАНАЛ" НОВОМОСКОВСЬКОГО Р~Iншi~смт Губиниха~МТП-5~ШБО~Проверен~0~0~0~0314554~НІК 2301АК1~6329~электронный~Трехфазный~6~5~1,0~1~107606~80~Абонент~0,4~200/5~40~~~Абонент~144,40~~~~~~~~01.10.2017~~16~~0~~~~~~~~~Синельник П.В.~31~PC011231
~136~70000081~Р КП "РАЙВОДОКАНАЛ" НОВОМОСКОВСЬКОГО Р~Iншi~смт Гвардійське вул. Сітьова      2~ЗТП-167~КНС-1~Проверен~0~0~0~0330264~НІК 2301АП3~6372~электронный~Трехфазный~6~5~1,0~1~107594~32~Абонент~0,4~~~~~~57,40~~~~~~~Установлен~22.12.2015~~16~~0~~~~~~~~~Старостенко Є.І~31~PC011131
~137~70000081~Р КП "РАЙВОДОКАНАЛ" НОВОМОСКОВСЬКОГО Р~Iншi~смт Гвардійське вул. Сітьова      7~ЗТП-175~КНС-2~Проверен~0~0~0~0781149~НІК 2301АП3~6372~электронный~Трехфазный~6~5~1,0~1~107599~26~Абонент~0,4~~~~~~46,57~~~~~~~Установлен~22.12.2015~~16~~0~~~~~~~~~Старостенко Є.І~31~PC011131
~138~70000081~Р КП "РАЙВОДОКАНАЛ" НОВОМОСКОВСЬКОГО Р~Iншi~смт Губиниха вул. Берегового~ЗТП-1~КНС-1~Проверен~0~0~0~48741~СТКЗ-10А1Н4В.t~6493~электронный~Трехфазный~6~5~1~1~107611~80~Абонент~0,4~150/5~30~~~Абонент~144,40~~~~~~~~22.12.2015~~6~~0~~~~~~~~~Синельник П.В.~31~PC011231
~139~70000081~Р КП "РАЙВОДОКАНАЛ" НОВОМОСКОВСЬКОГО Р~Iншi~смт Губиниха~ЗТП-8~Насосна 3 підйому~Проверен~0~0~0~48743~СТК3-10Q2H4K4t~6385~электронный~Трехфазный~6~5~1,0~1~107602~100~Абонент~0,4~200/5~40~~~Абонент~180,51~~~~~~~~22.12.2015~~6~~0~~~~~~~~~Синельник П.В.~31~PC011231
~140~70000081~Р КП "РАЙВОДОКАНАЛ" НОВОМОСКОВСЬКОГО Р~Iншi~смт Губиниха~ЗТП-4~Насаосна оборотного водопостачання~Проверен~0~0~0~588393~LZQM 321.02.534~6311~электронный~Трехфазный~6~5~0,5S~1~107615~149~Абонент~0,4~600/5~120~~~Абонент~268,95~2,23~~~~~~~22.12.2015~~6~~0~~~~~~~~~Синельник П.В.~31~PC011231
~141~70000081~Р КП "РАЙВОДОКАНАЛ" НОВОМОСКОВСЬКОГО Р~Iншi~смт Губиниха~ПС "НВ-ЦЗ" 35/6кВ~ТСН~Проверен~0~0~0~943077~EPQS 136.22.18.LL~6494~электронный~Трехфазный~6~10~1~8~107590~2~Абонент~0,4~~~~~~3,61~~~~~~~~22.12.2015~~6~~0~~~~~~~~~Синельник П.В.~31~PC011231
~142~70000084~Р ФОП Костюк І.В.~Iншi~смт Гвардійське вул. Сітьова     13~КТП-189~84,01 склад~Проверен~0~0~0~0328013~НІК 2301АП3~6372~электронный~Трехфазный~6~5~1,0~1~106452~6~Абонент~0,4~~~~~~10,47~~~~~~~Установлен~10.08.2015~~16~~0~~~~~~~~~Старостенко Є.І~31~PC011131
~143~70000085~Р ФОП Гусейнов Г.К.О.~Iншi~смт Черкаське вул. Гагаріна     1а~ЗТП-182~85,01 кафе~Проверен~0~0~0~0015450~НІК 2303АРП1~6378~электронный~Трехфазный~6~5~1,0~1~106877~40~Абонент~0,4~~~~~~71,66~~~~~~~~12.10.2015~~16~~0~~~~~~~~~Орел А.Л.~31~PC011331
~144~70000086~Р ТОВ"ТЕЛЕМІСТ"~Iншi~смт Черкаське вул. Лісна     12~ЗТП-188~86,03 СКТ~Проверен~0~0~0~1233786~НІК 2102-02~6364~электронный~Однофазный~6~5~1,0~1~106893~5~Абонент~0,2~~~~~~0,36~~~~~~~~28.10.2015~~16~~0~~~~~~~~~Орел А.Л.~31~PC011331
~145~70000086~Р ТОВ"ТЕЛЕМІСТ"~Iншi~смт Черкаське вул. Лісна~ЗТП-182~86,01 станція каб.телебачення~Проверен~0~0~0~1426250~НІК 2102-02~6364~электронный~Однофазный~6~5~1,0~1~106881~2~Абонент~0,2~~~~~~0,14~~~~~~~~28.10.2015~~16~~0~~~~~~~~~Орел А.Л.~31~PC011331
~146~70000086~Р ТОВ"ТЕЛЕМІСТ"~Iншi~смт Гвардійське вул. Ювілейна      9~ЗТП-190~86,02 СКТ~Проверен~0~0~0~1510563~НІК 2102-02~6364~электронный~Однофазный~6~5~1,0~1~106887~1~Абонент~0,2~~~~~~0,06~~~~~~~~28.10.2015~~16~~0~~~~~~~~~Старостенко Є.І~31~PC011131
~147~70000087~Р ФО Федько Т.М.~Iншi~смт Черкаське вул. Центральна      4~ПС Гвардійська Л-103~Рекреаційний центр~Проверен~0~0~0~7873308~НІК 2303 АРТ2Т~6334~электронный~Трехфазный~6~5~1,0~12~109179~230~Абонент~10,0~ТПЛУ-10 15/5~3~01.04.2016~~Абонент~16,62~~НТМИ-10-66 10000/100~100~~~Абонент~~18.07.2018~~16~~0~~~~~~~~~Орел А.Л.~31~PC011331
~148~70000091~БУДИНКОУПРАВЛІННЯ №1~Iншi~~ЗТП-168~91,28 склад БУ-1~Проверен~0~0~0~0166971~НІК 2301АП1~6370~электронный~Трехфазный~6~5~1,0~1~107514~13~Абонент~0,4~~~~~~22,92~~~~~~~~22.12.2015~~16~~0~~~~~~~~~Старостенко Є.І~31~PC011131
~149~70000091~БУДИНКОУПРАВЛІННЯ №1~Iншi~смт Гвардійське вул. Гагаріна      5~ЗТП-190~91,11 ж.б №5 вул.Гагаріна осв.п.~Проверен~0~0~0~0397270~НІК 2301АП3~6372~электронный~Трехфазный~6~5~1,0~1~107445~8~Абонент~0,4~~~~~~14,44~~~~~~~~22.12.2015~~16~~0~~~~~~~~~Старостенко Є.І~31~PC011131
~150~70000091~БУДИНКОУПРАВЛІННЯ №1~Iншi~смт Гвардійське вул. Гагаріна     12~ЗТП-180~91,06 ж.б №12 вул.Гагаріна осв.п.~Проверен~0~0~0~0397271~НІК 2301АП3~6372~электронный~Трехфазный~6~5~1,0~1~107425~8~Абонент~0,4~~~~~~14,44~~~~~~~~22.12.2015~~16~~0~~~~~~~~~Старостенко Є.І~31~PC011131
~151~70000091~БУДИНКОУПРАВЛІННЯ №1~Iншi~смт Гвардійське вул. Гагаріна      3~ЗТП-190~91,09 ж.б №3 вул.Гагаріна осв.п.~Проверен~0~0~0~0397282~НІК 2301АП3~6372~электронный~Трехфазный~6~5~1,0~1~107437~8~Абонент~0,4~~~~~~14,44~~~~~~~~22.12.2015~~16~~0~~~~~~~~~Старостенко Є.І~31~PC011131
~152~70000091~БУДИНКОУПРАВЛІННЯ №1~Iншi~смт Гвардійське вул. Гагаріна      1~ЗТП-190~91,07ж.б №1 вул.Гагаріна осв.п.~Проверен~0~0~0~0397289~НІК 2301АП3~6372~электронный~Трехфазный~6~5~1,0~1~107429~8~Абонент~0,4~~~~~~14,44~~~~~~~~22.12.2015~~16~~0~~~~~~~~~Старостенко Є.І~31~PC011131
~153~70000091~БУДИНКОУПРАВЛІННЯ №1~Iншi~смт Гвардійське вул. Гагаріна      9~ЗТП-190~91,13 ж.б №9 вул.Гагаріна осв.п.~Проверен~0~0~0~1320360~НІК 2102-02.М2В~10539~электронный~Однофазный~6~5~1~1~107453~2~Абонент~0,2~~~~~~0,14~~~~~~~~22.12.2015~~16~~0~~~~~~~~~Старостенко Є.І~31~PC011131
~154~70000091~БУДИНКОУПРАВЛІННЯ №1~Iншi~смт Гвардійське вул. Гагаріна      2~ЗТП-168~91,08 ж.б №2 вул.Гагаріна осв.п.~Проверен~0~0~0~1321621~НІК 2102-02~6364~электронный~Однофазный~6~5~1,0~1~107433~2~Абонент~0,2~~~~~~0,14~~~~~~~~22.12.2015~~16~~0~~~~~~~~~Старостенко Є.І~31~PC011131
~155~70000091~БУДИНКОУПРАВЛІННЯ №1~Iншi~смт Гвардійське вул. Гагаріна      7~ЗТП-190~91,12 ж.б №7 вул.Гагаріна осв.п.~Проверен~0~0~0~1766201~НІК 2102-02~6364~электронный~Однофазный~6~5~1,0~1~107449~2~Абонент~0,2~~~~~~0,14~~~~~~~~22.12.2015~~16~~0~~~~~~~~~Старостенко Є.І~31~PC011131
~156~70000091~БУДИНКОУПРАВЛІННЯ №1~Iншi~смт Гвардійське вул. Гагаріна     11~ЗТП-190~91,14 ж.б №11 вул.Гагаріна осв.п.~Проверен~0~0~0~1766210~НІК 2102-02~6364~электронный~Однофазный~6~5~1,0~1~107457~3~Абонент~0,2~~~~~~0,22~~~~~~~Установлен~22.12.2015~~16~~0~~~~~~~~~Старостенко Є.І~31~PC011131
~157~70000091~БУДИНКОУПРАВЛІННЯ №1~Iншi~смт Гвардійське вул. Гагаріна      6~ЗТП-180~91,04 ж.б №6 вул.Гагаріна осв.п.~Проверен~0~0~0~1766284~НІК 2102-02~6364~электронный~Однофазный~6~5~1,0~1~107417~2~Абонент~0,2~~~~~~0,14~~~~~~~~22.12.2015~~16~~0~~~~~~~~~Старостенко Є.І~31~PC011131
~158~70000091~БУДИНКОУПРАВЛІННЯ №1~Iншi~смт Гвардійське вул. Зенітна      2~ЗТП-168~91,22 ж.б №2 вул. Зенітна осв.п.~Проверен~0~0~0~1795924~НІК 2102-02~6364~электронный~Однофазный~6~5~1,0~1~107489~2~Абонент~0,2~~~~~~0,14~~~~~~~~22.12.2015~~16~~0~~~~~~~~~Старостенко Є.І~31~PC011131
~159~70000091~БУДИНКОУПРАВЛІННЯ №1~Iншi~смт Гвардійське вул. Зенітна      1~ЗТП-167~91,21 ж.б №1 вул. Зенітна осв.п.~Проверен~0~0~0~1798026~НІК 2102-02~6364~электронный~Однофазный~6~5~1,0~1~107485~2~Абонент~0,2~~~~~~0,14~~~~~~~~22.12.2015~~16~~0~~~~~~~~~Старостенко Є.І~31~PC011131
~160~70000091~БУДИНКОУПРАВЛІННЯ №1~Iншi~смт Гвардійське вул. Ювілейна      9~ЗТП-190~91,16 ж.б №9 вул.Ювілейна осв.п~Проверен~0~0~0~1798717~НІК 2102-02~6364~электронный~Однофазный~6~5~1,0~1~107465~2~Абонент~0,2~~~~~~0,14~~~~~~~~22.12.2015~~16~~0~~~~~~~~~Старостенко Є.І~31~PC011131
~161~70000091~БУДИНКОУПРАВЛІННЯ №1~Iншi~смт Гвардійське вул. Буркіна      2~ЗТП-180~91,03 ж.б №2 вул.Буркіна осв.п.~Проверен~0~0~0~1798734~НІК 2102-02~6364~электронный~Однофазный~6~5~1,0~1~107413~2~Абонент~0,2~~~~~~0,14~~~~~~~~22.12.2015~~16~~0~~~~~~~~~Старостенко Є.І~31~PC011131
~162~70000091~БУДИНКОУПРАВЛІННЯ №1~Iншi~смт Гвардійське вул. Зенітна      3~ЗТП-167~91,23 ж.б №3 вул. Зенітна осв.п.~Проверен~0~0~0~1798742~НІК 2102-02~6364~электронный~Однофазный~6~5~1,0~1~107493~2~Абонент~0,2~~~~~~0,14~~~~~~~~22.12.2015~~16~~0~~~~~~~~~Старостенко Є.І~31~PC011131
~163~70000091~БУДИНКОУПРАВЛІННЯ №1~Iншi~смт Гвардійське вул. Ювілейна      8/ 39~ЗТП-190~91,27 офіс БУ-1~Проверен~0~0~0~1798781~НІК 2102-02~6364~электронный~Однофазный~6~5~1,0~1~107509~3~Абонент~0,2~~~~~~0,18~~~~~~~~22.12.2015~~16~~0~~~~~~~~~Старостенко Є.І~31~PC011131
~164~70000091~БУДИНКОУПРАВЛІННЯ №1~Iншi~смт Гвардійське вул. Зенітна      4~ЗТП-168~91,24 ж.б №4 вул. Зенітна осв.п.~Проверен~0~0~0~1798791~НІК 2102-02~6364~электронный~Однофазный~6~5~1,0~1~107497~2~Абонент~0,2~~~~~~0,14~~~~~~~~22.12.2015~~16~~0~~~~~~~~~Старостенко Є.І~31~PC011131
~165~70000091~БУДИНКОУПРАВЛІННЯ №1~Iншi~смт Гвардійське вул. Ювілейна      8/ 39~ЗТП-190~91,15 ж.б №8 вул.Ювілейна осв.п~Проверен~0~0~0~1928551~НІК 2102-02~6364~электронный~Однофазный~6~5~1,0~1~107461~2~Абонент~0,2~~~~~~0,14~~~~~~~~22.12.2015~~16~~0~~~~~~~~~Старостенко Є.І~31~PC011131
~166~70000091~БУДИНКОУПРАВЛІННЯ №1~Iншi~смт Гвардійське вул. Гагаріна      8~ЗТП-180~91,05 ж.б №8 вул.Гагаріна,осв.п.~Проверен~0~0~0~1948912~НІК 2102-02~6364~электронный~Однофазный~6~5~1,0~1~107421~2~Абонент~0,2~~~~~~0,14~~~~~~~~22.12.2015~~16~~0~~~~~~~~~Старостенко Є.І~31~PC011131
~167~70000091~БУДИНКОУПРАВЛІННЯ №1~Iншi~смт Гвардійське вул. Гагаріна      4~ЗТП-168~91,10 ж.б №4 вул.Гагаріна осв.п.~Проверен~0~0~0~1948935~НІК 2102-02~6364~электронный~Однофазный~6~5~1,0~1~107441~2~Абонент~0,2~~~~~~0,14~~~~~~~~22.12.2015~~16~~0~~~~~~~~~Старостенко Є.І~31~PC011131
~168~70000091~БУДИНКОУПРАВЛІННЯ №1~Iншi~смт Гвардійське вул. Ювілейна      3~ЗТП-168~91,18 ж.б №3 вул.Ювілейна осв.п.~Проверен~0~0~0~6651603~НІК 2102-02.М2В~10539~электронный~Однофазный~6~5~1~1~107473~3~Абонент~0,2~~~~~~0,22~~~~~~~Установлен~22.12.2015~~16~~0~~~~~~~~~Старостенко Є.І~31~PC011131
~169~70000091~БУДИНКОУПРАВЛІННЯ №1~Iншi~смт Гвардійське вул. Ювілейна      5~ЗТП-167~91,19 ж.б №5 вул.Ювілейна осв.п.~Проверен~0~0~0~6656168~НІК 2102-02.М2В~10539~электронный~Однофазный~6~5~1~1~107477~2~Абонент~0,2~~~~~~0,11~~~~~~~Установлен~22.12.2015~~16~~0~~~~~~~~~Старостенко Є.І~31~PC011131
~170~70000091~БУДИНКОУПРАВЛІННЯ №1~Iншi~смт Гвардійське вул. Ювілейна      1~ЗТП-167~91,17 ж.б №1 вул.Ювілейна осв.п~Проверен~0~0~0~6668125~НІК 2102-02.М2В~10539~электронный~Однофазный~6~5~1~1~107469~2~Абонент~0,2~~~~~~0,14~~~~~~~Установлен~22.12.2015~~16~~0~~~~~~~~~Старостенко Є.І~31~PC011131
~171~70000091~БУДИНКОУПРАВЛІННЯ №1~Iншi~смт Гвардійське вул. Кучерявого     18~ЗТП-167~91,25 ж.б №18 вул.Кучерявого осв.п.~Проверен~0~0~0~6669629~НІК 2102-02.М2В~10539~электронный~Однофазный~6~5~1~1~107501~1~Абонент~0,2~~~~~~0,04~~~~~~~Установлен~22.12.2015~~16~~0~~~~~~~~~Старостенко Є.І~31~PC011131
~172~70000091~БУДИНКОУПРАВЛІННЯ №1~Iншi~~ЗТП-180~91,01ж.б №10 вул.Гагаріна осв.п.~Проверен~0~0~0~6996546~НІК 2102-02.М2В~10539~электронный~Однофазный~6~5~1~1~107405~2~Абонент~0,2~~~~~~0,14~~~~~~~~22.12.2015~~16~~0~~~~~~~~~Старостенко Є.І~31~PC011131
~173~70000091~БУДИНКОУПРАВЛІННЯ №1~Iншi~смт Гвардійське вул. Кучерявого     22~ЗТП-167~91,26 ж.б №22 вул.Кучерявого осв.п~Проверен~0~0~0~7007262~НІК 2102-02~6364~электронный~Однофазный~6~5~1,0~1~107505~1~Абонент~0,2~~~~~~0,07~~~~~~~~22.12.2015~~16~~0~~~~~~~~~Старостенко Є.І~31~PC011131
~174~70000091~БУДИНКОУПРАВЛІННЯ №1~Iншi~смт Гвардійське вул. Буркіна      1~ЗТП-180~91,02 ж.б.№1 вул.Буркіна осв.п~Проверен~0~0~0~7885209~НІК 2301АП3~6372~электронный~Трехфазный~6~5~1,0~1~107409~8~Абонент~0,4~~~~~~14,44~~~~~~~Установлен~18.04.2018~~16~~0~~~~~~~~~Старостенко Є.І~31~PC011131
~175~70000092~Р АТ КБ "Приватбанк"~Iншi~смт Черкаське вул. Лісна      1~ЗТП-173~92,01 Приватбанк~Проверен~0~0~0~0474839~НІК 2301АП2~6371~электронный~Трехфазный~6~5~1,0~1~106429~8~Абонент~0,4~~~~~~14,44~~~~~~~Установлен~07.08.2015~~16~~0~~~~~~~~~Орел А.Л.~31~PC011331
~176~70000093~Р ФОП Валієв І.Т.~Iншi~смт Гвардійське вул. Гагаріна      1~ЗТП-190~93,01 магазин~Проверен~0~0~0~1115395~НІК2301 АП3В~6476~электронный~Трехфазный~6~5~~1~105984~10~Абонент~0,4~~~~~~18,05~~~~~~~~15.12.2015~01.03.2015~16~01.03.2031~0~~~~~~~~~Старостенко Є.І~31~PC011131
~177~70000094~Р ФОП Козирєв Г.І.~Iншi~смт Черкаське вул. Лісна     18~ЗТП-173~94,01 побутовий комбінат~Проверен~0~0~0~0426670~НІК 2301АП3~6372~электронный~Трехфазный~6~5~1,0~1~106217~13~Абонент~0,4~~~~~~22,74~~~~~~~~07.07.2015~~16~~0~~~~~~~~~Орел А.Л.~31~PC011331
~178~70000095~Р КНП "ЦПМСД"НРР"~Районний бюджет~смт Гвардійське вул. Ювілейна     11~ЗТП-168~95,01 амбулаторія~Проверен~0~0~0~0400471~НІК 2301АП3~6372~электронный~Трехфазный~6~5~1,0~1~107401~10~Абонент~0,4~~~~~~18,05~~~~~~~~22.12.2015~~16~~0~~~~~~~~~Старостенко Є.І~31~PC011131
~179~70000096~Р ФОП Шмунь К.В.~Iншi~смт Черкаське вул. Лісна      4~ЗТП-173~96,01 магазин~Проверен~0~0~0~575328~СО-ЭА05 М1~6484~электронный~Однофазный~6~5~1~1~106194~1~Абонент~0,2~~~~~~0,08~~~~~~~~07.07.2015~~16~~0~~~~~~~~~Орел А.Л.~31~PC011331
~180~70000098~Р ЧЕРКАСЬКА СЕЛИЩНА РАДА~Мiський бюджет~смт Черкаське вул. Лісна~ЗТП-172~98,03 Черкаська селищна рада~Проверен~0~0~0~0305855~НІК 2301АП3~6372~электронный~Трехфазный~6~5~1,0~1~108044~10~Абонент~0,4~~~~~~18,05~~~~~~~Установлен~01.04.2016~~16~~0~~~~~~~~~Орел А.Л.~31~PC011331
~181~70000098~Р ЧЕРКАСЬКА СЕЛИЩНА РАДА~Мiський бюджет~смт Черкаське вул. Лісна~ЗТП-188~98,01 д/с "Червона калина"~Проверен~0~0~0~76372~СТК3-10 А1Н4.К4t~6496~электронный~Трехфазный~6~5~1~8~107155~55~Абонент~0,4~200/5~40~~~Абонент~99,91~2,00~~~~~~~24.12.2018~~6~~0~~~~~~~~~Орел А.Л.~31~PC011331
~182~70000098~Р ЧЕРКАСЬКА СЕЛИЩНА РАДА~Мiський бюджет~смт Черкаське вул. Лісна~ЗТП-188~98.02 д/с "Червона калина"~Проверен~0~0~0~76381~СТК3-10 А1Н4.К4t~6496~электронный~Трехфазный~6~5~1~8~107160~55~Абонент~0,4~200/5~40~~~Абонент~99,28~2,01~~~~~~~24.12.2018~~6~~0~~~~~~~~~Орел А.Л.~31~PC011331
~183~70000101~ФО Ветчинова В.Ф.~Iншi~смт Губиниха вул. Берегового     35-Р~МТП-6~101,01 гараж~Проверен~0~0~0~9054462~НІК 2303 АРП1~10533~электронный~Трехфазный~6~5~1~1~106440~80~Абонент~0,4~150/5~30~~~Абонент~144,40~~~~~~~~01.12.2018~~16~~0~~~~~~~~~Синельник П.В.~31~PC011231
~184~70000102~Р ТОВ "ВИРОБНИЧЕ ПІДПРИЄМСТВО "МАГ"~Iншi~смт Губиниха вул. Берегового      5~ЗТП-1~102,01 кондитерський цех~Проверен~0~0~0~0183095~НИК 2303АРК1~6381~электронный~Трехфазный~6~5~1,0~1~107096~100~Абонент~0,4~200/5~40~~~Абонент~180,51~~~~~~~~01.07.2015~01.07.2015~16~01.07.2031~0~~~~~~~~~Синельник П.В.~31~PC011231
~185~70000102~Р ТОВ "ВИРОБНИЧЕ ПІДПРИЄМСТВО "МАГ"~Iншi~смт Губиниха вул. Берегового     2А~ЗТП-1~102,02 Кондитерський цех № 2~Проверен~0~0~0~8496112~НІК 2303 L АРП3 1000 МСЕ~6499~электронный~Трехфазный~6~5~1~4~108182~57~Абонент~0,4~~~~~~102,89~~~~~~~~13.11.2017~~6~~0~~~~~~~~~Синельник П.В.~31~PC011231
~186~70000103~Р ФОП Злобовський К.В.~Iншi~смт Черкаське вул. Лісна~ЗТП-173~103,01 аптека~Проверен~0~0~0~6246339~НІК 2102-02.М2В~10539~электронный~Однофазный~6~5~1~1~106970~5~Абонент~0,2~~~~~~0,36~~~~~~~Установлен~20.08.2015~~16~~0~~~~~~~~~Орел А.Л.~31~PC011331
~187~70000104~Р ФОП Копилова Т.М. суб~Iншi~смт Гвардійське вул. Сітьова      8~ЗТП-165~104,01 кіоск~Проверен~0~0~0~0556737~НІК 2301АП3~6372~электронный~Трехфазный~6~5~1,0~1~106239~15~Абонент~0,4~~~~~~27,08~~~~~~~Установлен~27.07.2015~~16~~0~~~~~~~~~Старостенко Є.І~31~PC011131
~188~70000105~Р ФОП Фокін О.Л.~Iншi~смт Губиниха~ЗТП-1~105,01 магазин~Проверен~0~0~0~0285915~НІК 2303 АП2~6492~электронный~Трехфазный~6~5~1~4~106457~5~Абонент~0,4~~~~~~9,03~~~~~~~~09.10.2015~~16~~0~~~~~~~~~Синельник П.В.~31~PC011231
~189~70000106~Р ФОП Рекова В.В.~Iншi~смт Черкаське вул. Лісна     12~КТП-потр. (ФОП Рекова)~106,01 АЗС,кафе~Проверен~0~0~0~0305579~НІК 2301АП3~6372~электронный~Трехфазный~6~5~1,0~1~106253~100~Абонент~0,4~~~~~~180,51~~~~~~~~18.09.2015~~16~~0~~~~~~~~~Орел А.Л.~31~PC011331
~190~70000107~Р РГ "ХРАМ РІЗДВА ХРИСТОВА"~Iншi~смт Губиниха вул. Берегового    36а~ЗТП-1~107,01" Храм Різдва Христова"~Проверен~0~0~0~8291954~НІК 2102-02.М2В~10539~электронный~Однофазный~6~5~1~1~106913~5~Абонент~0,2~~~~~~0,36~~~~~~~~31.10.2019~~16~~0~~~~~~~~~Синельник П.В.~31~PC011231
~191~70000108~Р ТОВ "ГИЗ" осн~Промисловiсть~смт Губиниха~ПС ЦЗ 2СШ-6 кВ~108,02 КРУ-6кВ ТЕЦ СШ2 комірка №39~Проверен~0~0~0~291373~EPQS 122.09.04~6302~электронный~Трехфазный~6~5~0,5S~1~107543~1225~Абонент~6,0~50/5~10~~~Абонент~88,51~~ЗНОЛТ-6 6000/100~60~~~Абонент~~11.02.2016~~6~~0~~~~~~~~~Синельник П.В.~31~PC011231
~192~70000108~Р ТОВ "ГИЗ" осн~Промисловiсть~смт Губиниха~ПС ЦЗ 1СШ-6 кВ~108,01 КРУ-6кВ ТЕЦ СШ1 комірка №24~Проверен~0~0~0~291378~EPQS 122.09.04~6302~электронный~Трехфазный~6~5~0,5S~1~107537~1225~Абонент~6,0~50/5~10~~~Абонент~88,51~~ЗНОЛТ-6 6000/100~60~~~Абонент~~11.02.2016~~6~~0~~~~~~~~~Синельник П.В.~31~PC011231
~193~70000108~Р ТОВ "ГИЗ" осн~Промисловiсть~смт Губиниха~ПС ЦЗ 2СШ-6 кВ~108,03 Безтарне збереження цукру~Проверен~0~0~0~47752~СТК3-10Q2T3.Mt~6504~электронный~Трехфазный~6~5~1~8~107557~149~Абонент~6,0~150/5~30~~~Абонент~10,77~13,93~ЗНОЛТ-6 6000/100~60~~~Абонент~~11.02.2016~~6~~0~~~~~~~~~Синельник П.В.~31~PC011231
~194~70000108~Р ТОВ "ГИЗ" осн~Промисловiсть~смт Губиниха~МТП-6~108,04 РЮПРО~Проверен~0~0~0~588394~LZQM 321.02.534~6311~электронный~Трехфазный~6~5~0,5S~1~107548~80~Абонент~0,4~300/5~60~~~Абонент~144,40~2,08~~~~~~~11.02.2016~~6~~0~~~~~~~~~Синельник П.В.~31~PC011231
~195~70000108~Р ТОВ "ГИЗ" осн~Промисловiсть~смт Губиниха~ЗТП-7~108,05 Кагатне поле~Проверен~0~0~0~588395~LZQM 321.02.534~6311~электронный~Трехфазный~6~5~0,5S~1~107552~149~Абонент~0,4~600/5~120~~~Абонент~268,95~2,23~~~~~~~11.02.2016~~6~~0~~~~~~~~~Синельник П.В.~31~PC011231
~196~70000109~Р ТОВ "ЗАВОД"УКРКАБЕЛЬ"~Промисловiсть~м. Новомосковськ   Північна      4~ПС НМФ 35/10 кВ~109,01 кабельний з-д~Проверен~0~0~0~01143706~LZQM 321.02.534~6311~электронный~Трехфазный~6~5~0,5S~1~107163~800~Абонент~10,0~100/5~20~~~Абонент~57,80~1,73~НТМИ-10-66 10000/100~100~~~Абонент~~27.10.2015~~6~~0~~~~~~~~~Старостенко Є.І~31~PC011131
~197~70000112~Р ФОП Полєтаєв М.В. осн~Iншi~м. Новомосковськ   Північна      4~ПС НМФ 35/10 кВ~ФОП Полєтаєва М.В.~Проверен~0~0~0~231040~LZQM 321.02.534~6311~электронный~Трехфазный~6~5~0,5S~1~107721~700~Абонент~10,0~100/5~20~~~Абонент~50,58~1,98~НТМИ-10-66 10000/100~100~~~Абонент~~01.04.2016~~6~~0~~~~~~~~~Старостенко Є.І~31~PC011131
~198~70000113~Р ФО Єрофєєв В.А. суб~Iншi~м. Новомосковськ   Північна      4-Д~ПС НМФ 35/10 кВ~Р ФОП Єрофєєв В.А.~Проверен~0~0~0~00165~Дельта 8010~10635~электронный~Трехфазный~6~10~1~1~107740~350~Абонент~10,0~150/5~30~~~Абонент~25,29~5,93~НТМИ-10-66 10000/100~100~~~Абонент~~01.04.2016~~6~~0~~~~~~~~~Старостенко Є.І~31~PC011131
~199~70000114~Р ФОП Паламарчук П.П.~Iншi~смт Черкаське вул. Лісна      4~ЗТП-173~114,1 салон~Проверен~0~0~0~8750096~НІК 2102-02.М2В~10539~электронный~Однофазный~6~5~1~1~109203~3~Абонент~0,2~~~~~~0,22~~~~~~~~01.12.2018~~16~~0~~~~~~~~~Орел А.Л.~31~PC011331
~200~70000115~СТ "Дружба"~Iншi~с. Вільне вул.~КТП-578~СТ Дружба ТП 578~Проверен~0~0~0~0393942~НІК 2301АП3~6372~электронный~Трехфазный~6~5~1,0~1~109329~225~Абонент~0,4~~~~~~406,14~~~~~~~Установлен~31.12.2018~~16~~0~~~~~~~~~Старостенко Є.І~31~PC011131
~201~70000115~СТ "Дружба"~Iншi~с. Вільне вул.~КТП-577~СТ  Дружба ТП 577~Проверен~0~0~0~0556977~НІК 2301АП3~6372~электронный~Трехфазный~6~5~1,0~1~109332~146~Абонент~0,4~~~~~~263,54~~~~~~~Установлен~31.12.2018~~16~~0~~~~~~~~~Старостенко Є.І~31~PC011131
~202~70000117~Р ФОП Рябко М.М.~Iншi~смт Черкаське вул. Лісна      4~ЗТП-173~117,1 магазин "Океан"~Проверен~0~0~0~10186799~NIK 2301 AP3.0000.0.11~6538~электронный~Трехфазный~6~5~1~1~109880~17~Абонент~0,2~~~~~~1,23~~~~~~~Установлен~01.12.2018~~16~~0~~~~~~~~~Орел А.Л.~31~PC011331
~203~70000118~Р С(Ф)Г "НОСЕНКО"~Iншi~смт Губиниха вул. Берегового     35-Р~МТП-6~118,01 склад~Проверен~0~0~0~8951009~NIK2303ART.1000.MC.11~6529~электронный~Трехфазный~6~5~1~1~109892~149~Абонент~0,4~300/5~60~~~Абонент~268,95~~~~~~~~30.06.2019~~16~~0~~~~~~~~~Синельник П.В.~31~PC011231
~204~70000120~С(Ф)Г Хобота В. Д.~Iншi~смт Губиниха вул. Берегового     35-Р~МТП-6~76,01 склад~Проверен~0~0~0~10192341~NIK 2301 AP3.0000.0.11~6538~электронный~Трехфазный~6~5~1~1~109897~15~Абонент~0,4~~~~~~27,08~~~~~~~Установлен~30.06.2019~~16~~0~~~~~~~~~Синельник П.В.~31~PC011231
~205~70000327~КЕВ М.ДНІПРО осн~Державний~смт Гвардійське вул. Буркіна      2~МТП-162~327,38 в/ч 1361 склади~Проверен~0~0~0~0049220~НІК 2301АП3~6372~электронный~Трехфазный~6~5~1,0~1~108059~90~Абонент~0,4~~~~~~162,45~~~~~~~Установлен~01.04.2016~01.09.2012~16~01.09.2028~0~~~~~~~~~Старостенко Є.І~31~PC011131
~206~70000327~КЕВ М.ДНІПРО осн~Державний~смт Гвардійське вул. Буркіна      4~КТП-176~327.20 гараж~Проверен~0~0~0~0070562~НІК 2303 АРП3 1100МС~6477~электронный~Трехфазный~6~5~1~4~107882~35~Абонент~0,4~~~~~~62,45~~~~~~~~02.06.2019~~16~~0~~~~~~~~~Старостенко Є.І~31~PC011131
~207~70000327~КЕВ М.ДНІПРО осн~Державний~смт Черкаське вул. Лісна~ЗТП-173~327,15 КНС-2~Проверен~0~0~0~0134857~НІК 2301АК1~6329~электронный~Трехфазный~6~5~1,0~1~107897~55~Абонент~0,4~150/5~30~~~Абонент~99,82~~~~~~~~01.04.2016~01.05.2008~16~01.05.2024~0~~~~~~~~~Орел А.Л.~31~PC011331
~208~70000327~КЕВ М.ДНІПРО осн~Державний~смт Черкаське вул. Лісна~КТПН-158~327,37 в/ч 1302 пилорама~Проверен~0~0~0~0136135~НІК 2303АРП3~6380~электронный~Трехфазный~6~5~1,0~1~108015~20~Абонент~0,4~~~~~~36,10~~~~~~~~01.04.2016~01.11.2011~16~01.11.2027~0~~~~~~~~~Орел А.Л.~31~PC011331
~209~70000327~КЕВ М.ДНІПРО осн~Державний~смт Гвардійське вул. Буркіна      4~МТП-163~327,40 в/ч 1363 пункт управл, сховище,стрільби~Проверен~0~0~0~0214777~НІК 2303АРП1~6378~электронный~Трехфазный~6~5~1,0~1~107995~14~Абонент~0,4~~~~~~25,27~~~~~~~~01.04.2016~01.11.2014~16~01.11.2030~0~~~~~~~~~Старостенко Є.І~31~PC011131
~210~70000327~КЕВ М.ДНІПРО осн~Державний~смт Черкаське вул. Лісна~ЗТП-171~327,13 в/ч 1828 парки~Проверен~0~0~0~0214971~НИК 2303АРК1~6381~электронный~Трехфазный~6~5~1,0~1~108025~14~Абонент~0,4~300/5~60~~~Абонент~25,27~11,87~~~~~~~01.04.2016~01.09.2013~16~01.09.2029~0~~~~~~~~~Орел А.Л.~31~PC011331
~211~70000327~КЕВ М.ДНІПРО осн~Державний~смт Черкаське вул. Лісна~ЗТП-178~327,24 гутожиток~Проверен~0~0~0~0214972~НИК 2303АРК1~6381~электронный~Трехфазный~6~5~1,0~1~107886~19~Абонент~0,4~300/5~60~~~Абонент~34,30~8,75~~~~~~~01.04.2016~01.08.2013~16~01.08.2029~0~~~~~~~~~Орел А.Л.~31~PC011331
~212~70000327~КЕВ М.ДНІПРО осн~Державний~смт Черкаське вул. Лісна~ЗТП-191~327,33 в/ч 1828 КНС-5, казарми, штаб, кот."Віток"~Проверен~0~0~0~0214973~НИК 2303АРК1~6381~электронный~Трехфазный~6~5~1,0~1~108021~40~Абонент~0,4~200/5~40~~~Абонент~72,74~2,75~~~~~~~01.04.2016~01.09.2013~16~01.09.2029~0~~~~~~~~~Орел А.Л.~31~PC011331
~213~70000327~КЕВ М.ДНІПРО осн~Державний~смт Черкаське вул. Лісна~КТП-179~327,35 в/ч 1363 містечко, пилорама, їдальня,учб.к~Проверен~0~0~0~0214975~НИК 2303АРК1~6381~электронный~Трехфазный~6~5~1,0~1~108006~130~Абонент~0,4~300/5~60~~~Абонент~234,66~~~~~~~~01.04.2016~01.09.2013~16~01.09.2029~0~~~~~~~~~Орел А.Л.~31~PC011331
~214~70000327~КЕВ М.ДНІПРО осн~Державний~~ПС Гвардійська Л-100~327,42 в/ч А-1363 наметове містечко~Проверен~0~0~0~0214978~НИК 2303АРК1~6381~электронный~Трехфазный~6~5~1,0~1~108979~83~Абонент~0,4~200/5~40~~~Абонент~149,82~~~~~~~~01.10.2017~~16~~0~~~~~~~~~Старостенко Є.І~31~PC011131
~215~70000327~КЕВ М.ДНІПРО осн~Державний~смт Черкаське вул. Лісна~ЗТП-157~327,03,1 КНС-1~Проверен~0~0~0~0215072~НІК 2301АП3~6372~электронный~Трехфазный~6~5~1,0~1~107917~37~Абонент~0,4~~~~~~66,97~~~~~~~~01.04.2016~01.09.2013~16~01.09.2029~0~~~~~~~~~Орел А.Л.~31~PC011331
~216~70000327~КЕВ М.ДНІПРО осн~Державний~смт Гвардійське вул. Буркіна      2~ЗТП-165~327,06,1 котельня 178~Проверен~0~0~0~0215074~НІК 2303 АП3~6483~электронный~Трехфазный~6~5~1~1~107942~114~Абонент~0,4~~~~~~205,78~~~~~~~~01.04.2016~01.09.2013~16~01.09.2029~0~~~~~~~~~Старостенко Є.І~31~PC011131
~217~70000327~КЕВ М.ДНІПРО осн~Державний~смт Черкаське вул. Лісна~КТП-179~327,25 в/ч 1302 склади~Проверен~0~0~0~0224190~НІК 2303АРП3~6380~электронный~Трехфазный~6~5~1,0~1~108055~12~Абонент~0,4~~~~~~20,76~~~~~~~~01.04.2016~01.09.2013~16~01.09.2029~0~~~~~~~~~Орел А.Л.~31~PC011331
~218~70000327~КЕВ М.ДНІПРО осн~Державний~смт Черкаське вул. Лісна~ЗТП-153~327,01 в/ч 1363 директриса, мішенне поле,вог.міст.~Проверен~0~0~0~0224195~НІК 2303АРП3~6380~электронный~Трехфазный~6~5~1,0~1~108002~232~Абонент~0,4~~~~~~418,77~~~~~~~~01.04.2016~01.09.2013~16~01.09.2029~0~~~~~~~~~Орел А.Л.~31~PC011331
~219~70000327~КЕВ М.ДНІПРО осн~Державний~смт Черкаське вул. Лісна~ЗТП-177~327,21,1 котельня 204~Проверен~0~0~0~0224206~НІК 2303АРП3~6380~электронный~Трехфазный~6~5~1,0~1~107927~20~Абонент~0,4~~~~~~36,10~~~~~~~~01.04.2016~01.09.2013~16~01.09.2029~0~~~~~~~~~Орел А.Л.~31~PC011331
~220~70000327~КЕВ М.ДНІПРО осн~Державний~~ЗТП-186~327,29 котельня ДКВР~Проверен~0~0~0~0224482~НИК 2303АРК1~6381~электронный~Трехфазный~6~5~1,0~1~107905~790~Абонент~0,4~ТС-0,5 1000/5~200~~~Абонент~1425,09~~~~~~~~01.04.2016~01.08.2013~16~01.08.2029~0~~~~~~~~~Орел А.Л.~31~PC011331
~221~70000327~КЕВ М.ДНІПРО осн~Державний~~ЗТП-186~327,30 котельня ДКВР (резерв)~Проверен~0~0~0~0224483~НИК 2303АРК1~6381~электронный~Трехфазный~6~5~1,0~1~107909~0~Абонент~0,4~ТС-0,5 1000/5~200~~~Абонент~0,00~~~~~~~~01.04.2016~01.08.2013~16~01.08.2029~0~~~~~~~~~Орел А.Л.~31~PC011331
~222~70000327~КЕВ М.ДНІПРО осн~Державний~смт Черкаське вул. Лісна~ЗТП-160~327,05 ВОС-16~Проверен~0~0~0~0224484~НИК 2303АРК1~6381~электронный~Трехфазный~6~5~1,0~1~107901~233~Абонент~0,4~300/5~60~~~Абонент~420,76~~~~~~~~01.04.2016~01.09.2013~16~01.09.2029~0~~~~~~~~~Орел А.Л.~31~PC011331
~223~70000327~КЕВ М.ДНІПРО осн~Державний~смт Черкаське вул. Лісна~ЗТП-173~327,17 в/ч 1615 мед.рота~Проверен~0~0~0~0224485~НИК 2303АРК1~6381~электронный~Трехфазный~6~5~1,0~1~108034~100~Абонент~0,4~200/5~40~~~Абонент~180,51~~~~~~~~01.04.2016~01.09.2013~16~01.09.2029~0~~~~~~~~~Орел А.Л.~31~PC011331
~224~70000327~КЕВ М.ДНІПРО осн~Державний~смт Черкаське вул. Лісна~ЗТП-157~327,03 в/ч 1302 штаб, містечко, казарма~Проверен~0~0~0~0224487~НИК 2303АРК1~6381~электронный~Трехфазный~6~5~1,0~1~107914~25~Абонент~0,4~300/5~60~01.09.2013~~Абонент~45,13~6,65~~~~~~~01.04.2016~01.09.2013~16~01.09.2029~0~~~~~~~~~Орел А.Л.~31~PC011331
~225~70000327~КЕВ М.ДНІПРО осн~Державний~смт Черкаське вул. Лісна~ЗТП-173~327,16 в/ч 1615 мед.рота~Проверен~0~0~0~0224488~НИК 2303АРК1~6381~электронный~Трехфазный~6~5~1,0~1~108029~100~Абонент~0,4~200/5~40~01.09.2013~~Абонент~180,51~~~~~~~~01.04.2016~01.09.2013~16~01.09.2029~0~~~~~~~~~Орел А.Л.~31~PC011331
~226~70000327~КЕВ М.ДНІПРО осн~Державний~смт Черкаське вул. Лісна~ЗТП-172~котельня 149~Проверен~0~0~0~0224497~НИК 2303АРК1~6381~электронный~Трехфазный~6~5~1,0~1~107934~10~Абонент~0,4~200/5~40~01.09.2013~~Абонент~18,05~11,08~~~~~~~02.02.2019~01.09.2013~16~01.09.2029~0~~~~~~~~~Орел А.Л.~31~PC011331
~227~70000327~КЕВ М.ДНІПРО осн~Державний~смт Гвардійське вул. Буркіна      2~ЗТП-192~327,34 в/ч 1126 парк, медпункт, їдальня, містечко~Проверен~0~0~0~0224499~НИК 2303АРК1~6381~электронный~Трехфазный~6~5~1,0~1~107953~50~Абонент~0,4~200/5~40~01.09.2013~~Абонент~90,25~2,22~~~~~~~01.04.2016~01.09.2013~16~01.09.2029~0~~~~~~~~~Старостенко Є.І~31~PC011131
~228~70000327~КЕВ М.ДНІПРО осн~Державний~~ЗТП-182~327,46 Казармений комплекс №2~Проверен~0~0~0~02252111~EPQS 122.23.17 LL~6285~электронный~Трехфазный~6~5~0,5S~1~109919~263~Абонент~0,4~ТС-0,5 1000/5~200~~~Абонент~473,83~2,11~~~~~~~26.11.2019~~6~~0~~~~~~~~~Орел А.Л.~31~PC011331
~229~70000327~КЕВ М.ДНІПРО осн~Державний~~ЗТП-182~327,46а Казармений комплекс №2~Проверен~0~0~0~02252112~EPQS 122.23.17 LL~6285~электронный~Трехфазный~6~5~0,5S~1~109924~263~Абонент~0,4~ТС-0,5 1000/5~200~~~Абонент~473,83~2,11~~~~~~~26.11.2019~~6~~0~~~~~~~~~Орел А.Л.~31~PC011331
~230~70000327~КЕВ М.ДНІПРО осн~Державний~смт Гвардійське вул. Буркіна      2~ЗТП-180~327,27 ГБО-5~Проверен~0~0~0~0301406~НІК 2301АП3~6372~электронный~Трехфазный~6~5~1,0~1~107970~26~Абонент~0,4~~~~~~46,05~~~~~~~~01.04.2016~01.09.2010~16~01.09.2026~0~~~~~~~~~Старостенко Є.І~31~PC011131
~231~70000327~КЕВ М.ДНІПРО осн~Державний~смт Гвардійське вул. Буркіна      4~ЗТП-180~327,26 ГБО-5~Проверен~0~0~0~0301429~НІК 2301АП3~6372~электронный~Трехфазный~6~5~1,0~1~107974~26~Абонент~0,4~~~~~~46,05~~~~~~~~01.04.2016~01.02.2009~16~01.02.2025~0~~~~~~~~~Старостенко Є.І~31~PC011131
~232~70000327~КЕВ М.ДНІПРО осн~Державний~смт Черкаське вул. Лісна~ЗТП-178~327,23 КНС-3~Проверен~0~0~0~0330234~НІК 2301АП3~6372~электронный~Трехфазный~6~5~1,0~1~107856~45~Абонент~0,4~~~~~~81,50~~~~~~~Установлен~01.04.2016~~16~~0~~~~~~~~~Орел А.Л.~31~PC011331
~233~70000327~КЕВ М.ДНІПРО осн~Державний~смт Черкаське вул. Лісна~ЗТП-178~327,22 КНС-6~Проверен~0~0~0~0330265~НІК 2301АП3~6372~электронный~Трехфазный~6~5~1,0~1~107860~33~Абонент~0,4~~~~~~58,84~~~~~~~Установлен~01.04.2016~01.07.2009~16~01.07.2025~0~~~~~~~~~Орел А.Л.~31~PC011331
~234~70000327~КЕВ М.ДНІПРО осн~Державний~смт Гвардійське вул. Буркіна      4~ЗТП-167~327,09 теплопункт 2~Проверен~0~0~0~0330269~НІК 2301АП3~6372~электронный~Трехфазный~6~5~1,0~1~107878~35~Абонент~0,4~~~~~~62,82~~~~~~~Установлен~01.04.2016~01.11.2009~16~01.11.2025~0~~~~~~~~~Старостенко Є.І~31~PC011131
~235~70000327~КЕВ М.ДНІПРО осн~Державний~смт Черкаське вул. Лісна~КТП-174~327,18 очисні споруди~Проверен~0~0~0~0330285~НІК 2301АП3~6372~электронный~Трехфазный~6~5~1,0~1~107864~55~Абонент~0,4~~~~~~99,87~~~~~~~Установлен~01.04.2016~01.07.2009~16~01.07.2025~0~~~~~~~~~Орел А.Л.~31~PC011331
~236~70000327~КЕВ М.ДНІПРО осн~Державний~смт Черкаське вул. Лісна~ЗТП-182~327,28 ГБО-10~Проверен~0~0~0~0349175~НІК 2301АП1~6370~электронный~Трехфазный~6~5~1,0~1~107978~60~Абонент~0,4~~~~~~108,48~~~~~~~~01.04.2016~01.05.2010~16~01.05.2026~0~~~~~~~~~Орел А.Л.~31~PC011331
~237~70000327~КЕВ М.ДНІПРО осн~Державний~смт Черкаське вул. Лісна~МТП-162~327,39 в/ч 1302 дачі ВС~Проверен~0~0~0~0510581~НІК 2301АП3~6372~электронный~Трехфазный~6~5~1,0~1~108039~12~Абонент~0,4~~~~~~20,76~~~~~~~Установлен~01.04.2016~01.05.2011~16~01.05.2027~0~~~~~~~~~Орел А.Л.~31~PC011331
~238~70000327~КЕВ М.ДНІПРО осн~Державний~смт Гвардійське вул. Буркіна      4~ЗТП-169~327,12 в/ч 1964 містечко~Проверен~0~0~0~10193926~NIK 2301 AP3.0000.0.11~6538~электронный~Трехфазный~6~5~1~1~107985~64~Абонент~0,4~~~~~~114,62~~~~~~~Установлен~01.11.2019~~16~~0~~~~~~~~~Старостенко Є.І~31~PC011131
~239~70000327~КЕВ М.ДНІПРО осн~Державний~смт Гвардійське вул. Буркіна      4~ЗТП-190~327,32 в/ч 1964 КПП~Проверен~0~0~0~1510670~НІК 2102-02~6364~электронный~Однофазный~6~5~1,0~1~107990~4~Абонент~0,2~~~~~~0,32~~~~~~~~01.04.2016~01.02.2009~16~01.02.2025~0~~~~~~~~~Старостенко Є.І~31~PC011131
~240~70000327~КЕВ М.ДНІПРО осн~Державний~~КТП-161~Паливний склад~Проверен~0~0~0~225536~НІК 2301АК1~6329~электронный~Трехфазный~6~5~1,0~1~108175~3~Абонент~0,4~~~~~~4,51~~~~~~~~02.04.2019~~16~~0~~~~~~~~~Орел А.Л.~31~PC011331
~241~70000327~КЕВ М.ДНІПРО осн~Державний~смт Черкаське вул. Лісна~ЗТП-177~327,21 в/ч 1302 штаб, їдальня, казарма~Проверен~0~0~0~25372~Дельта 8010-02~6497~электронный~Трехфазный~6~5~1~1~107925~40~Абонент~0,4~300/5~60~~~Абонент~72,20~4,16~~~~~~~01.04.2016~01.05.2012~16~01.05.2028~0~~~~~~~~~Орел А.Л.~31~PC011331
~242~70000327~КЕВ М.ДНІПРО осн~Державний~смт Гвардійське вул. Буркіна      2~ЗТП-175~327,19 в/ч 1126 казарма~Проверен~0~0~0~25374~Дельта 8010-02~6497~электронный~Трехфазный~6~5~1~1~107959~32~Абонент~0,4~200/5~40~~~Абонент~57,76~3,46~~~~~~~01.04.2016~~16~~0~~~~~~~~~Старостенко Є.І~31~PC011131
~243~70000327~КЕВ М.ДНІПРО осн~Державний~смт Гвардійське вул. Буркіна      4~ЗТП-167~327,10 гуртожиток~Проверен~0~0~0~25382~Дельта 8010-02~6497~электронный~Трехфазный~6~5~1~1~107873~48~Абонент~0,4~200/5~40~~~Абонент~86,64~2,31~~~~~~~01.04.2016~01.05.2012~16~01.05.2028~0~~~~~~~~~Старостенко Є.І~31~PC011131
~244~70000327~КЕВ М.ДНІПРО осн~Державний~смт Черкаське вул. Лісна~ЗТП-172~327,14 в/ч 1302 казарма, клуб, штаб, містечко~Проверен~0~0~0~25398~Дельта 8010-02~6497~электронный~Трехфазный~6~5~1~1~107931~33~Абонент~0,4~300/5~60~01.11.2012~~Абонент~58,66~5,11~~~~~~~01.04.2016~01.11.2012~16~01.11.2028~0~~~~~~~~~Орел А.Л.~31~PC011331
~245~70000327~КЕВ М.ДНІПРО осн~Державний~~ЗТП-165~327,06 в/ч 1126 казарми, містечко~Проверен~0~0~0~25404~Дельта 8010-02~6497~электронный~Трехфазный~6~5~1~1~107939~125~Абонент~0,4~200/5~40~~~Абонент~225,63~~~~~~~~01.04.2016~~16~~0~~~~~~~~~Старостенко Є.І~31~PC011131
~246~70000327~КЕВ М.ДНІПРО осн~Державний~смт Гвардійське вул. Буркіна      2~ЗТП-166~327,08 в/ч 1126 парк, штаб, Їдальня, казарми, бунк~Проверен~0~0~0~25408~Дельта 8010-02~6497~электронный~Трехфазный~6~5~1~1~107947~116~Абонент~0,4~300/5~60~01.05.2012~~Абонент~209,39~~~~~~~~01.04.2016~01.05.2012~16~01.05.2028~0~~~~~~~~~Старостенко Є.І~31~PC011131
~247~70000327~КЕВ М.ДНІПРО осн~Державний~смт Гвардійське вул. Буркіна      4~ЗТП-166~327,07 в/ч 1964 парк~Проверен~0~0~0~25415~Дельта 8010-02~6497~электронный~Трехфазный~6~5~1~1~107981~41~Абонент~0,4~200/5~40~~~Абонент~74,73~2,68~~~~~~~01.04.2016~01.05.2012~16~01.05.2028~0~~~~~~~~~Старостенко Є.І~31~PC011131
~248~70000327~КЕВ М.ДНІПРО осн~Державний~смт Гвардійське вул. Буркіна      4~ЗТП-168~327,11 теплопункт 1~Проверен~0~0~0~25421~Дельта 8010-02~6497~электронный~Трехфазный~6~5~1~1~107868~104~Абонент~0,4~200/5~40~~~Абонент~188,27~~~~~~~~01.04.2016~01.05.2012~16~01.05.2028~0~~~~~~~~~Старостенко Є.І~31~PC011131
~249~70000327~КЕВ М.ДНІПРО осн~Державний~смт Гвардійське вул. Буркіна      4~МТП-164~327,41 в/ч 1363~Проверен~0~0~0~3100204~Torgrids M10XX.120A/4T+~6554~электронный~Трехфазный~6~5~1.0~4~107999~14~Абонент~0,4~~~~~~25,27~~~~~~~~02.06.2019~~16~~0~~~~~~~~~Старостенко Є.І~31~PC011131
~250~70000327~КЕВ М.ДНІПРО осн~Державний~смт Гвардійське вул. Буркіна      2~ЗТП-187~327,31 в/ч 1126 оркестр~Проверен~0~0~0~3936628~НІК 2102-02.М2В~10539~электронный~Однофазный~6~5~1~1~107965~2~Абонент~0,2~~~~~~0,13~~~~~~~~01.04.2016~01.11.2011~16~01.11.2027~0~~~~~~~~~Старостенко Є.І~31~PC011131
~251~70000327~КЕВ М.ДНІПРО осн~Державний~смт Черкаське вул. Лісна~ЗТП-160~327,04 в/ч 1302 парки,  ПТО~Проверен~0~0~0~8046696~НІК 2303L АРП3 МЕ~6500~электронный~Трехфазный~6~5~1~1~108051~41~Абонент~0,4~~~~~~74,01~~~~~~~~30.11.2016~01.09.2011~16~01.09.2027~0~~~~~~~~~Орел А.Л.~31~PC011331
~252~70000327~КЕВ М.ДНІПРО осн~Державний~смт Черкаське вул. Лісна~КТПН-158~327,37,1 в/ч 1363 стрільбище~Проверен~0~0~0~8046704~НІК 2303L АРП3 МЕ~6500~электронный~Трехфазный~6~5~1~1~108017~5~Абонент~0,4~~~~~~9,03~~~~~~~~27.03.2017~01.02.2016~16~01.02.2032~0~~~~~~~~~Орел А.Л.~31~PC011331
~253~70000327~КЕВ М.ДНІПРО осн~Державний~смт Гвардійське вул. Буркіна      4~КТПН-152~327,36 в/ч 1363 пункт управления, дом оператора~Проверен~0~0~0~8633829~НІК 2301 АП1В~6498~электронный~Трехфазный~6~5~1~1~108011~50~Абонент~0,4~~~~~~90,25~~~~~~~Установлен~27.09.2017~01.09.2013~16~01.09.2029~0~~~~~~~~~Старостенко Є.І~31~PC011131
~254~110000003~АТ "УКРПОШТА" суб~Iншi~смт Черкаське вул. Лісна~ЗТП-172~04,01 ВПЗ Черкаське~Проверен~0~0~0~1422007~НІК 2102-02~6364~электронный~Однофазный~6~5~1,0~1~106975~4~Абонент~0,2~~~~~~0,28~~~~~~~Установлен~26.08.2015~~16~~0~~~~~~~~~Орел А.Л.~31~OC010731
~255~110000003~АТ "УКРПОШТА" суб~Iншi~смт Гвардійське вул. Зенітна      2~ЗТП-168~04,02 ВПЗ Гвардійське~Проверен~0~0~0~3595470~НІК 2102-02.М2В~10539~электронный~Однофазный~6~5~1~1~106979~1~Абонент~0,2~~~~~~0,10~~~~~~~~25.03.2020~~16~~0~~~~~~~~~Старостенко Є.І~31~OC010531
~256~110000005~ПрАТ "ВФ Україна"~Iншi~смт Черкаське вул. Лісна~ЗТП-159~64,02 базова станція МТС~Проверен~0~0~0~30924740~ZMR110 CRef RS (E230)~6527~электронный~Трехфазный~8~5~1~4~107692~5~Абонент~0,4~~~~~~8,12~~~~~~~~02.10.2018~~6~~0~~~~~~~~~Орел А.Л.~31~OC010731
~257~110000005~ПрАТ "ВФ Україна"~Iншi~смт Гвардійське~ЗТП-186~64,01 базова станція МТС~Проверен~0~0~0~30924741~ZMR110 CRef RS (E230)~6527~электронный~Трехфазный~8~5~1~4~107674~8~Абонент~0,4~~~~~~14,44~~~~~~~~02.10.2018~~6~~0~~~~~~~~~Старостенко Є.І~31~OC010531
~258~110000006~ПрАТ "Київстар"~Iншi~смт Гвардійське вул. Буркіна      1~ЗТП-168~40,01 базова станція~Проверен~0~0~0~01767934~GAMA300G3B144.230.F27.B2.P4C311A3L1~6470~электронный~Трехфазный~6~5~1~4~107776~5~Абонент~0,4~~~~~~9,03~~~~~~~Установлен~30.11.2016~~16~~0~~~~~~~~~Старостенко Є.І~31~OC010531
~259~110000006~ПрАТ "Київстар"~Iншi~смт Черкаське~ЗТП-177~40,04 базова станція Київстар~Проверен~0~0~0~01768515~GAMA300G3B144.230.F27.B2.P4C311A3L1~6470~электронный~Трехфазный~6~5~1~4~107808~4~Абонент~0,4~~~~~~6,32~~~~~~~Установлен~20.06.2017~01.10.2016~16~01.10.2032~0~~~~~~~~~Орел А.Л.~31~OC010731
~260~110000006~ПрАТ "Київстар"~Iншi~смт Гвардійське~ЗТП-186~40,02 базова станція~Проверен~0~0~0~01768558~GAMA300G3B144.230.F27.B2.P4C311A3L1~6470~электронный~Трехфазный~6~5~1~4~107781~4~Абонент~0,4~~~~~~6,32~~~~~~~Установлен~20.06.2017~01.10.2016~16~01.10.2032~0~~~~~~~~~Старостенко Є.І~31~OC010531
~261~110000006~ПрАТ "Київстар"~Iншi~смт Черкаське вул. Лісна~ЗТП-188~40,07  базова станція Київстар Черкаське~Проверен~0~0~0~02064828~GAMA300G3B144.230.F27.B2.P4C311A3L1~6470~электронный~Трехфазный~6~5~1~4~107848~5~Абонент~0,4~~~~~~9,03~~~~~~~Установлен~21.12.2017~~16~~0~~~~~~~~~Орел А.Л.~31~OC010731
~262~110000006~ПрАТ "Київстар"~Iншi~смт Черкаське вул. Лісна~ЗТП-160~40.05 базова станція Київстар~Проверен~0~0~0~02064833~GAMA300G3B144.230.F27.B2.P4C311A3L1~6470~электронный~Трехфазный~6~5~1~4~107826~4~Абонент~0,4~~~~~~6,32~~~~~~~Установлен~21.12.2017~~16~~0~~~~~~~~~Орел А.Л.~31~OC010731
~263~110000006~ПрАТ "Київстар"~Iншi~смт Черкаське вул. Лісна~ЗТП-188~40,06  базова станція Київстар Черкаське~Проверен~0~0~0~02065041~GAMA300G3B144.230.F27.B2.P4C311A3L1~6470~электронный~Трехфазный~6~5~1~4~107841~5~Абонент~0,4~~~~~~9,03~~~~~~~Установлен~21.12.2017~~16~~0~~~~~~~~~Орел А.Л.~31~OC010731
~264~110000006~ПрАТ "Київстар"~Iншi~смт Гвардійське~ЗТП-186~40,03 базова станція Київстар~Проверен~0~0~0~37074836~СТК3-10А1Н7.ІК4t~6471~электронный~Трехфазный~6~5~1~1~107792~4~Абонент~0,4~~~~~~6,32~~~~~~~~01.04.2016~~~~0~~~~~~~~~Старостенко Є.І~31~OC010531
~265~110000007~ТОВ "лайфселл" суб~Iншi~смт Губиниха вул. Берегового~ПС ЦЗ 1СШ-6 кВ~ТОВ"лайфселл" Губиниха-1~Проверен~0~0~0~0390327~НІК 2301АП2~6371~электронный~Трехфазный~6~5~1,0~1~108202~5~Абонент~0,4~~~~~~9,03~~~~~~~~01.04.2017~~16~~0~~~~~~~~~Синельник П.В.~31~OC010631
~266~110000007~ТОВ "лайфселл" суб~Iншi~смт Черкаське вул. Лісна~ЗТП-159~ТОВ "лайфселл" Черкаське~Проверен~0~0~0~0406718~НІК 2301АП3~6372~электронный~Трехфазный~6~5~1,0~1~108190~5~Абонент~0,4~~~~~~9,03~~~~~~~~01.04.2017~~16~~0~~~~~~~~~Орел А.Л.~31~OC010731
~267~110000007~ТОВ "лайфселл" суб~Iншi~смт Гвардійське вул. Сітьова      7~ЗТП-175~ТОВ"лайфселл" Гвардійське~Проверен~0~0~0~8050982~НІК 2303L АП2 1000МСЕ~6495~электронный~Трехфазный~6~5~1~1~108195~10~Абонент~0,4~~~~~~18,05~~~~~~~~01.04.2017~~6~~0~~~~~~~~~Старостенко Є.І~31~OC010531
~268~110000010~Р ТОВ "Оператор ГТС України"~Iншi~смт Гвардійське вул. Сітьова     15-а~ЗТП-167~63,01 ГРС~Проверен~0~0~0~8257681~НІК 2102-02.М2В~10539~электронный~Однофазный~6~5~1~1~107641~3~Абонент~0,2~~~~~~0,22~~~~~~~Установлен~28.08.2019~~16~~0~~~~~~~~~Старостенко Є.І~31~OC010531
~269~110000010~Р ТОВ "Оператор ГТС України"~Iншi~смт Гвардійське~МТП-162~63,02 СКЗ 25 км~Проверен~0~0~0~8741041~НІК 2102-02.М2В~10539~электронный~Однофазный~6~5~1~1~107657~3~Абонент~0,2~~~~~~0,22~~~~~~~Установлен~28.08.2019~~16~~0~~~~~~~~~Старостенко Є.І~31~OC010531
