get_address;get_address
Дніпропетровська м. Дніпро буд.134, кв. 20;Dnipropetrovska m. Dnipro bud.134, kv. 20
Дніпропетровська м. Дніпро буд.140г, кв. 38;Dnipropetrovska m. Dnipro bud.140g, kv. 38
Дніпропетровський м. Підгородне буд.4, кв. 96;Dnipropetrovskiy m. Pidgorodne bud.4, kv. 96
Дніпропетровський с. Партизанське буд.2, кв. 15;Dnipropetrovskiy s. Partizanske bud.2, kv. 15
м. Дніпро вул. Бориса Мозолевського буд.15, кв. 67;m. Dnipro vul. Borisa Mozolevskogo bud.15, kv. 67
м. Дніпро вул. Павла Чубинського буд.2, кв. 1;m. Dnipro vul. Pavla Chubinskogo bud.2, kv. 1
м. Дніпро вул. Павла Чубинського буд.2, кв. 10;m. Dnipro vul. Pavla Chubinskogo bud.2, kv. 10
м. Дніпро вул. Павла Чубинського буд.2, кв. 11;m. Dnipro vul. Pavla Chubinskogo bud.2, kv. 11
м. Дніпро вул. Павла Чубинського буд.2, кв. 12;m. Dnipro vul. Pavla Chubinskogo bud.2, kv. 12
м. Дніпро вул. Павла Чубинського буд.2, кв. 13;m. Dnipro vul. Pavla Chubinskogo bud.2, kv. 13
м. Дніпро вул. Павла Чубинського буд.2, кв. 14;m. Dnipro vul. Pavla Chubinskogo bud.2, kv. 14
м. Дніпро вул. Павла Чубинського буд.2, кв. 15;m. Dnipro vul. Pavla Chubinskogo bud.2, kv. 15
м. Дніпро вул. Павла Чубинського буд.2, кв. 16;m. Dnipro vul. Pavla Chubinskogo bud.2, kv. 16
м. Дніпро вул. Павла Чубинського буд.2, кв. 18;m. Dnipro vul. Pavla Chubinskogo bud.2, kv. 18
м. Дніпро вул. Павла Чубинського буд.2, кв. 19;m. Dnipro vul. Pavla Chubinskogo bud.2, kv. 19
м. Дніпро вул. Павла Чубинського буд.2, кв. 2;m. Dnipro vul. Pavla Chubinskogo bud.2, kv. 2
м. Дніпро вул. Павла Чубинського буд.2, кв. 3;m. Dnipro vul. Pavla Chubinskogo bud.2, kv. 3
м. Дніпро вул. Павла Чубинського буд.2, кв. 4;m. Dnipro vul. Pavla Chubinskogo bud.2, kv. 4
м. Дніпро вул. Павла Чубинського буд.2, кв. 5;m. Dnipro vul. Pavla Chubinskogo bud.2, kv. 5
м. Дніпро вул. Павла Чубинського буд.2, кв. 6;m. Dnipro vul. Pavla Chubinskogo bud.2, kv. 6
м. Дніпро вул. Павла Чубинського буд.2, кв. 7;m. Dnipro vul. Pavla Chubinskogo bud.2, kv. 7
м. Дніпро вул. Павла Чубинського буд.2, кв. 8;m. Dnipro vul. Pavla Chubinskogo bud.2, kv. 8
м. Дніпро вул. Павла Чубинського буд.2, кв. 9;m. Dnipro vul. Pavla Chubinskogo bud.2, kv. 9
м. Дніпро Пр-т. Богдана Хмельницького буд.108, кв. 101;m. Dnipro Pr-t. Bogdana Hmelnickogo bud.108, kv. 101
м. Дніпро Пр-т. Богдана Хмельницького буд.108, кв. 102;m. Dnipro Pr-t. Bogdana Hmelnickogo bud.108, kv. 102
м. Дніпро Пр-т. Богдана Хмельницького буд.108, кв. 103;m. Dnipro Pr-t. Bogdana Hmelnickogo bud.108, kv. 103
м. Дніпро Пр-т. Богдана Хмельницького буд.108, кв. 104;m. Dnipro Pr-t. Bogdana Hmelnickogo bud.108, kv. 104
м. Дніпро Пр-т. Богдана Хмельницького буд.108 корп.А, кв. 1;m. Dnipro Pr-t. Bogdana Hmelnickogo bud.108 korp.A, kv. 1
м. Дніпро Пр-т. Богдана Хмельницького буд.108 корп.А, кв. 10;m. Dnipro Pr-t. Bogdana Hmelnickogo bud.108 korp.A, kv. 10
м. Дніпро Пр-т. Богдана Хмельницького буд.108 корп.А, кв. 100;m. Dnipro Pr-t. Bogdana Hmelnickogo bud.108 korp.A, kv. 100
м. Дніпро Пр-т. Богдана Хмельницького буд.108 корп.А, кв. 11;m. Dnipro Pr-t. Bogdana Hmelnickogo bud.108 korp.A, kv. 11
м. Дніпро Пр-т. Богдана Хмельницького буд.108 корп.А, кв. 12;m. Dnipro Pr-t. Bogdana Hmelnickogo bud.108 korp.A, kv. 12
м. Дніпро Пр-т. Богдана Хмельницького буд.108 корп.А, кв. 13;m. Dnipro Pr-t. Bogdana Hmelnickogo bud.108 korp.A, kv. 13
м. Дніпро Пр-т. Богдана Хмельницького буд.108 корп.А, кв. 14;m. Dnipro Pr-t. Bogdana Hmelnickogo bud.108 korp.A, kv. 14
м. Дніпро Пр-т. Богдана Хмельницького буд.108 корп.А, кв. 15;m. Dnipro Pr-t. Bogdana Hmelnickogo bud.108 korp.A, kv. 15
м. Дніпро Пр-т. Богдана Хмельницького буд.108 корп.А, кв. 16;m. Dnipro Pr-t. Bogdana Hmelnickogo bud.108 korp.A, kv. 16
м. Дніпро Пр-т. Богдана Хмельницького буд.108 корп.А, кв. 17;m. Dnipro Pr-t. Bogdana Hmelnickogo bud.108 korp.A, kv. 17
м. Дніпро Пр-т. Богдана Хмельницького буд.108 корп.А, кв. 18;m. Dnipro Pr-t. Bogdana Hmelnickogo bud.108 korp.A, kv. 18
м. Дніпро Пр-т. Богдана Хмельницького буд.108 корп.А, кв. 19;m. Dnipro Pr-t. Bogdana Hmelnickogo bud.108 korp.A, kv. 19
м. Дніпро Пр-т. Богдана Хмельницького буд.108 корп.А, кв. 2;m. Dnipro Pr-t. Bogdana Hmelnickogo bud.108 korp.A, kv. 2
м. Дніпро Пр-т. Богдана Хмельницького буд.108 корп.А, кв. 20;m. Dnipro Pr-t. Bogdana Hmelnickogo bud.108 korp.A, kv. 20
м. Дніпро Пр-т. Богдана Хмельницького буд.108 корп.А, кв. 21;m. Dnipro Pr-t. Bogdana Hmelnickogo bud.108 korp.A, kv. 21
м. Дніпро Пр-т. Богдана Хмельницького буд.108 корп.А, кв. 22;m. Dnipro Pr-t. Bogdana Hmelnickogo bud.108 korp.A, kv. 22
м. Дніпро Пр-т. Богдана Хмельницького буд.108 корп.А, кв. 23;m. Dnipro Pr-t. Bogdana Hmelnickogo bud.108 korp.A, kv. 23
м. Дніпро Пр-т. Богдана Хмельницького буд.108 корп.А, кв. 24;m. Dnipro Pr-t. Bogdana Hmelnickogo bud.108 korp.A, kv. 24
м. Дніпро Пр-т. Богдана Хмельницького буд.108 корп.А, кв. 25;m. Dnipro Pr-t. Bogdana Hmelnickogo bud.108 korp.A, kv. 25
м. Дніпро Пр-т. Богдана Хмельницького буд.108 корп.А, кв. 26;m. Dnipro Pr-t. Bogdana Hmelnickogo bud.108 korp.A, kv. 26
м. Дніпро Пр-т. Богдана Хмельницького буд.108 корп.А, кв. 27;m. Dnipro Pr-t. Bogdana Hmelnickogo bud.108 korp.A, kv. 27
м. Дніпро Пр-т. Богдана Хмельницького буд.108 корп.А, кв. 28;m. Dnipro Pr-t. Bogdana Hmelnickogo bud.108 korp.A, kv. 28
м. Дніпро Пр-т. Богдана Хмельницького буд.108 корп.А, кв. 29;m. Dnipro Pr-t. Bogdana Hmelnickogo bud.108 korp.A, kv. 29
м. Дніпро Пр-т. Богдана Хмельницького буд.108 корп.А, кв. 3;m. Dnipro Pr-t. Bogdana Hmelnickogo bud.108 korp.A, kv. 3
м. Дніпро Пр-т. Богдана Хмельницького буд.108 корп.А, кв. 30;m. Dnipro Pr-t. Bogdana Hmelnickogo bud.108 korp.A, kv. 30
м. Дніпро Пр-т. Богдана Хмельницького буд.108 корп.А, кв. 31;m. Dnipro Pr-t. Bogdana Hmelnickogo bud.108 korp.A, kv. 31
м. Дніпро Пр-т. Богдана Хмельницького буд.108 корп.А, кв. 32;m. Dnipro Pr-t. Bogdana Hmelnickogo bud.108 korp.A, kv. 32
м. Дніпро Пр-т. Богдана Хмельницького буд.108 корп.А, кв. 33;m. Dnipro Pr-t. Bogdana Hmelnickogo bud.108 korp.A, kv. 33
м. Дніпро Пр-т. Богдана Хмельницького буд.108 корп.А, кв. 34;m. Dnipro Pr-t. Bogdana Hmelnickogo bud.108 korp.A, kv. 34
м. Дніпро Пр-т. Богдана Хмельницького буд.108 корп.А, кв. 35;m. Dnipro Pr-t. Bogdana Hmelnickogo bud.108 korp.A, kv. 35
м. Дніпро Пр-т. Богдана Хмельницького буд.108 корп.А, кв. 36;m. Dnipro Pr-t. Bogdana Hmelnickogo bud.108 korp.A, kv. 36
м. Дніпро Пр-т. Богдана Хмельницького буд.108 корп.А, кв. 37;m. Dnipro Pr-t. Bogdana Hmelnickogo bud.108 korp.A, kv. 37
м. Дніпро Пр-т. Богдана Хмельницького буд.108 корп.А, кв. 38;m. Dnipro Pr-t. Bogdana Hmelnickogo bud.108 korp.A, kv. 38
м. Дніпро Пр-т. Богдана Хмельницького буд.108 корп.А, кв. 39;m. Dnipro Pr-t. Bogdana Hmelnickogo bud.108 korp.A, kv. 39
м. Дніпро Пр-т. Богдана Хмельницького буд.108 корп.А, кв. 4;m. Dnipro Pr-t. Bogdana Hmelnickogo bud.108 korp.A, kv. 4
м. Дніпро Пр-т. Богдана Хмельницького буд.108 корп.А, кв. 40;m. Dnipro Pr-t. Bogdana Hmelnickogo bud.108 korp.A, kv. 40
м. Дніпро Пр-т. Богдана Хмельницького буд.108 корп.А, кв. 41;m. Dnipro Pr-t. Bogdana Hmelnickogo bud.108 korp.A, kv. 41
м. Дніпро Пр-т. Богдана Хмельницького буд.108 корп.А, кв. 42;m. Dnipro Pr-t. Bogdana Hmelnickogo bud.108 korp.A, kv. 42
м. Дніпро Пр-т. Богдана Хмельницького буд.108 корп.А, кв. 43;m. Dnipro Pr-t. Bogdana Hmelnickogo bud.108 korp.A, kv. 43
м. Дніпро Пр-т. Богдана Хмельницького буд.108 корп.А, кв. 44;m. Dnipro Pr-t. Bogdana Hmelnickogo bud.108 korp.A, kv. 44
м. Дніпро Пр-т. Богдана Хмельницького буд.108 корп.А, кв. 45;m. Dnipro Pr-t. Bogdana Hmelnickogo bud.108 korp.A, kv. 45
м. Дніпро Пр-т. Богдана Хмельницького буд.108 корп.А, кв. 46;m. Dnipro Pr-t. Bogdana Hmelnickogo bud.108 korp.A, kv. 46
м. Дніпро Пр-т. Богдана Хмельницького буд.108 корп.А, кв. 47;m. Dnipro Pr-t. Bogdana Hmelnickogo bud.108 korp.A, kv. 47
м. Дніпро Пр-т. Богдана Хмельницького буд.108 корп.А, кв. 48;m. Dnipro Pr-t. Bogdana Hmelnickogo bud.108 korp.A, kv. 48
м. Дніпро Пр-т. Богдана Хмельницького буд.108 корп.А, кв. 49;m. Dnipro Pr-t. Bogdana Hmelnickogo bud.108 korp.A, kv. 49
м. Дніпро Пр-т. Богдана Хмельницького буд.108 корп.А, кв. 5;m. Dnipro Pr-t. Bogdana Hmelnickogo bud.108 korp.A, kv. 5
м. Дніпро Пр-т. Богдана Хмельницького буд.108 корп.А, кв. 50;m. Dnipro Pr-t. Bogdana Hmelnickogo bud.108 korp.A, kv. 50
м. Дніпро Пр-т. Богдана Хмельницького буд.108 корп.А, кв. 51;m. Dnipro Pr-t. Bogdana Hmelnickogo bud.108 korp.A, kv. 51
м. Дніпро Пр-т. Богдана Хмельницького буд.108 корп.А, кв. 52;m. Dnipro Pr-t. Bogdana Hmelnickogo bud.108 korp.A, kv. 52
м. Дніпро Пр-т. Богдана Хмельницького буд.108 корп.А, кв. 53;m. Dnipro Pr-t. Bogdana Hmelnickogo bud.108 korp.A, kv. 53
м. Дніпро Пр-т. Богдана Хмельницького буд.108 корп.А, кв. 54;m. Dnipro Pr-t. Bogdana Hmelnickogo bud.108 korp.A, kv. 54
м. Дніпро Пр-т. Богдана Хмельницького буд.108 корп.А, кв. 55;m. Dnipro Pr-t. Bogdana Hmelnickogo bud.108 korp.A, kv. 55
м. Дніпро Пр-т. Богдана Хмельницького буд.108 корп.А, кв. 56;m. Dnipro Pr-t. Bogdana Hmelnickogo bud.108 korp.A, kv. 56
м. Дніпро Пр-т. Богдана Хмельницького буд.108 корп.А, кв. 57;m. Dnipro Pr-t. Bogdana Hmelnickogo bud.108 korp.A, kv. 57
м. Дніпро Пр-т. Богдана Хмельницького буд.108 корп.А, кв. 58;m. Dnipro Pr-t. Bogdana Hmelnickogo bud.108 korp.A, kv. 58
м. Дніпро Пр-т. Богдана Хмельницького буд.108 корп.А, кв. 59;m. Dnipro Pr-t. Bogdana Hmelnickogo bud.108 korp.A, kv. 59
м. Дніпро Пр-т. Богдана Хмельницького буд.108 корп.А, кв. 6;m. Dnipro Pr-t. Bogdana Hmelnickogo bud.108 korp.A, kv. 6
м. Дніпро Пр-т. Богдана Хмельницького буд.108 корп.А, кв. 60;m. Dnipro Pr-t. Bogdana Hmelnickogo bud.108 korp.A, kv. 60
м. Дніпро Пр-т. Богдана Хмельницького буд.108 корп.А, кв. 61;m. Dnipro Pr-t. Bogdana Hmelnickogo bud.108 korp.A, kv. 61
м. Дніпро Пр-т. Богдана Хмельницького буд.108 корп.А, кв. 62;m. Dnipro Pr-t. Bogdana Hmelnickogo bud.108 korp.A, kv. 62
м. Дніпро Пр-т. Богдана Хмельницького буд.108 корп.А, кв. 63;m. Dnipro Pr-t. Bogdana Hmelnickogo bud.108 korp.A, kv. 63
м. Дніпро Пр-т. Богдана Хмельницького буд.108 корп.А, кв. 64;m. Dnipro Pr-t. Bogdana Hmelnickogo bud.108 korp.A, kv. 64
м. Дніпро Пр-т. Богдана Хмельницького буд.108 корп.А, кв. 65;m. Dnipro Pr-t. Bogdana Hmelnickogo bud.108 korp.A, kv. 65
м. Дніпро Пр-т. Богдана Хмельницького буд.108 корп.А, кв. 66;m. Dnipro Pr-t. Bogdana Hmelnickogo bud.108 korp.A, kv. 66
м. Дніпро Пр-т. Богдана Хмельницького буд.108 корп.А, кв. 67;m. Dnipro Pr-t. Bogdana Hmelnickogo bud.108 korp.A, kv. 67
м. Дніпро Пр-т. Богдана Хмельницького буд.108 корп.А, кв. 68;m. Dnipro Pr-t. Bogdana Hmelnickogo bud.108 korp.A, kv. 68
м. Дніпро Пр-т. Богдана Хмельницького буд.108 корп.А, кв. 69;m. Dnipro Pr-t. Bogdana Hmelnickogo bud.108 korp.A, kv. 69
м. Дніпро Пр-т. Богдана Хмельницького буд.108 корп.А, кв. 7;m. Dnipro Pr-t. Bogdana Hmelnickogo bud.108 korp.A, kv. 7
м. Дніпро Пр-т. Богдана Хмельницького буд.108 корп.А, кв. 70;m. Dnipro Pr-t. Bogdana Hmelnickogo bud.108 korp.A, kv. 70
м. Дніпро Пр-т. Богдана Хмельницького буд.108 корп.А, кв. 71;m. Dnipro Pr-t. Bogdana Hmelnickogo bud.108 korp.A, kv. 71
м. Дніпро Пр-т. Богдана Хмельницького буд.108 корп.А, кв. 72;m. Dnipro Pr-t. Bogdana Hmelnickogo bud.108 korp.A, kv. 72
м. Дніпро Пр-т. Богдана Хмельницького буд.108 корп.А, кв. 73;m. Dnipro Pr-t. Bogdana Hmelnickogo bud.108 korp.A, kv. 73
м. Дніпро Пр-т. Богдана Хмельницького буд.108 корп.А, кв. 74;m. Dnipro Pr-t. Bogdana Hmelnickogo bud.108 korp.A, kv. 74
м. Дніпро Пр-т. Богдана Хмельницького буд.108 корп.А, кв. 75;m. Dnipro Pr-t. Bogdana Hmelnickogo bud.108 korp.A, kv. 75
м. Дніпро Пр-т. Богдана Хмельницького буд.108 корп.А, кв. 76;m. Dnipro Pr-t. Bogdana Hmelnickogo bud.108 korp.A, kv. 76
м. Дніпро Пр-т. Богдана Хмельницького буд.108 корп.А, кв. 77;m. Dnipro Pr-t. Bogdana Hmelnickogo bud.108 korp.A, kv. 77
м. Дніпро Пр-т. Богдана Хмельницького буд.108 корп.А, кв. 78;m. Dnipro Pr-t. Bogdana Hmelnickogo bud.108 korp.A, kv. 78
м. Дніпро Пр-т. Богдана Хмельницького буд.108 корп.А, кв. 79;m. Dnipro Pr-t. Bogdana Hmelnickogo bud.108 korp.A, kv. 79
м. Дніпро Пр-т. Богдана Хмельницького буд.108 корп.А, кв. 8;m. Dnipro Pr-t. Bogdana Hmelnickogo bud.108 korp.A, kv. 8
м. Дніпро Пр-т. Богдана Хмельницького буд.108 корп.А, кв. 80;m. Dnipro Pr-t. Bogdana Hmelnickogo bud.108 korp.A, kv. 80
м. Дніпро Пр-т. Богдана Хмельницького буд.108 корп.А, кв. 81;m. Dnipro Pr-t. Bogdana Hmelnickogo bud.108 korp.A, kv. 81
м. Дніпро Пр-т. Богдана Хмельницького буд.108 корп.А, кв. 82;m. Dnipro Pr-t. Bogdana Hmelnickogo bud.108 korp.A, kv. 82
м. Дніпро Пр-т. Богдана Хмельницького буд.108 корп.А, кв. 83;m. Dnipro Pr-t. Bogdana Hmelnickogo bud.108 korp.A, kv. 83
м. Дніпро Пр-т. Богдана Хмельницького буд.108 корп.А, кв. 84;m. Dnipro Pr-t. Bogdana Hmelnickogo bud.108 korp.A, kv. 84
м. Дніпро Пр-т. Богдана Хмельницького буд.108 корп.А, кв. 85;m. Dnipro Pr-t. Bogdana Hmelnickogo bud.108 korp.A, kv. 85
м. Дніпро Пр-т. Богдана Хмельницького буд.108 корп.А, кв. 86;m. Dnipro Pr-t. Bogdana Hmelnickogo bud.108 korp.A, kv. 86
м. Дніпро Пр-т. Богдана Хмельницького буд.108 корп.А, кв. 87;m. Dnipro Pr-t. Bogdana Hmelnickogo bud.108 korp.A, kv. 87
м. Дніпро Пр-т. Богдана Хмельницького буд.108 корп.А, кв. 88;m. Dnipro Pr-t. Bogdana Hmelnickogo bud.108 korp.A, kv. 88
м. Дніпро Пр-т. Богдана Хмельницького буд.108 корп.А, кв. 89;m. Dnipro Pr-t. Bogdana Hmelnickogo bud.108 korp.A, kv. 89
м. Дніпро Пр-т. Богдана Хмельницького буд.108 корп.А, кв. 9;m. Dnipro Pr-t. Bogdana Hmelnickogo bud.108 korp.A, kv. 9
м. Дніпро Пр-т. Богдана Хмельницького буд.108 корп.А, кв. 90;m. Dnipro Pr-t. Bogdana Hmelnickogo bud.108 korp.A, kv. 90
м. Дніпро Пр-т. Богдана Хмельницького буд.108 корп.А, кв. 91;m. Dnipro Pr-t. Bogdana Hmelnickogo bud.108 korp.A, kv. 91
м. Дніпро Пр-т. Богдана Хмельницького буд.108 корп.А, кв. 92;m. Dnipro Pr-t. Bogdana Hmelnickogo bud.108 korp.A, kv. 92
м. Дніпро Пр-т. Богдана Хмельницького буд.108 корп.А, кв. 93;m. Dnipro Pr-t. Bogdana Hmelnickogo bud.108 korp.A, kv. 93
м. Дніпро Пр-т. Богдана Хмельницького буд.108 корп.А, кв. 94;m. Dnipro Pr-t. Bogdana Hmelnickogo bud.108 korp.A, kv. 94
м. Дніпро Пр-т. Богдана Хмельницького буд.108 корп.А, кв. 95;m. Dnipro Pr-t. Bogdana Hmelnickogo bud.108 korp.A, kv. 95
м. Дніпро Пр-т. Богдана Хмельницького буд.108 корп.А, кв. 96;m. Dnipro Pr-t. Bogdana Hmelnickogo bud.108 korp.A, kv. 96
м. Дніпро Пр-т. Богдана Хмельницького буд.108 корп.А, кв. 97;m. Dnipro Pr-t. Bogdana Hmelnickogo bud.108 korp.A, kv. 97
м. Дніпро Пр-т. Богдана Хмельницького буд.108 корп.А, кв. 98;m. Dnipro Pr-t. Bogdana Hmelnickogo bud.108 korp.A, kv. 98
м. Дніпро Пр-т. Богдана Хмельницького буд.108 корп.А, кв. 99;m. Dnipro Pr-t. Bogdana Hmelnickogo bud.108 korp.A, kv. 99
м. Дніпро Пр-т. Богдана Хмельницького буд.118, кв. 1;m. Dnipro Pr-t. Bogdana Hmelnickogo bud.118, kv. 1
м. Дніпро Пр-т. Богдана Хмельницького буд.118, кв. 10;m. Dnipro Pr-t. Bogdana Hmelnickogo bud.118, kv. 10
м. Дніпро Пр-т. Богдана Хмельницького буд.118, кв. 11;m. Dnipro Pr-t. Bogdana Hmelnickogo bud.118, kv. 11
м. Дніпро Пр-т. Богдана Хмельницького буд.118, кв. 12;m. Dnipro Pr-t. Bogdana Hmelnickogo bud.118, kv. 12
м. Дніпро Пр-т. Богдана Хмельницького буд.118, кв. 13;m. Dnipro Pr-t. Bogdana Hmelnickogo bud.118, kv. 13
м. Дніпро Пр-т. Богдана Хмельницького буд.118, кв. 14;m. Dnipro Pr-t. Bogdana Hmelnickogo bud.118, kv. 14
м. Дніпро Пр-т. Богдана Хмельницького буд.118, кв. 15;m. Dnipro Pr-t. Bogdana Hmelnickogo bud.118, kv. 15
м. Дніпро Пр-т. Богдана Хмельницького буд.118, кв. 16;m. Dnipro Pr-t. Bogdana Hmelnickogo bud.118, kv. 16
м. Дніпро Пр-т. Богдана Хмельницького буд.118, кв. 17;m. Dnipro Pr-t. Bogdana Hmelnickogo bud.118, kv. 17
м. Дніпро Пр-т. Богдана Хмельницького буд.118, кв. 18;m. Dnipro Pr-t. Bogdana Hmelnickogo bud.118, kv. 18
м. Дніпро Пр-т. Богдана Хмельницького буд.118, кв. 19;m. Dnipro Pr-t. Bogdana Hmelnickogo bud.118, kv. 19
м. Дніпро Пр-т. Богдана Хмельницького буд.118, кв. 2;m. Dnipro Pr-t. Bogdana Hmelnickogo bud.118, kv. 2
м. Дніпро Пр-т. Богдана Хмельницького буд.118, кв. 20;m. Dnipro Pr-t. Bogdana Hmelnickogo bud.118, kv. 20
м. Дніпро Пр-т. Богдана Хмельницького буд.118, кв. 21;m. Dnipro Pr-t. Bogdana Hmelnickogo bud.118, kv. 21
м. Дніпро Пр-т. Богдана Хмельницького буд.118, кв. 22;m. Dnipro Pr-t. Bogdana Hmelnickogo bud.118, kv. 22
м. Дніпро Пр-т. Богдана Хмельницького буд.118, кв. 23;m. Dnipro Pr-t. Bogdana Hmelnickogo bud.118, kv. 23
м. Дніпро Пр-т. Богдана Хмельницького буд.118, кв. 24;m. Dnipro Pr-t. Bogdana Hmelnickogo bud.118, kv. 24
м. Дніпро Пр-т. Богдана Хмельницького буд.118, кв. 25;m. Dnipro Pr-t. Bogdana Hmelnickogo bud.118, kv. 25
м. Дніпро Пр-т. Богдана Хмельницького буд.118, кв. 26;m. Dnipro Pr-t. Bogdana Hmelnickogo bud.118, kv. 26
м. Дніпро Пр-т. Богдана Хмельницького буд.118, кв. 27;m. Dnipro Pr-t. Bogdana Hmelnickogo bud.118, kv. 27
м. Дніпро Пр-т. Богдана Хмельницького буд.118, кв. 28;m. Dnipro Pr-t. Bogdana Hmelnickogo bud.118, kv. 28
м. Дніпро Пр-т. Богдана Хмельницького буд.118, кв. 29;m. Dnipro Pr-t. Bogdana Hmelnickogo bud.118, kv. 29
м. Дніпро Пр-т. Богдана Хмельницького буд.118, кв. 3;m. Dnipro Pr-t. Bogdana Hmelnickogo bud.118, kv. 3
м. Дніпро Пр-т. Богдана Хмельницького буд.118, кв. 30;m. Dnipro Pr-t. Bogdana Hmelnickogo bud.118, kv. 30
м. Дніпро Пр-т. Богдана Хмельницького буд.118, кв. 31;m. Dnipro Pr-t. Bogdana Hmelnickogo bud.118, kv. 31
м. Дніпро Пр-т. Богдана Хмельницького буд.118, кв. 32;m. Dnipro Pr-t. Bogdana Hmelnickogo bud.118, kv. 32
м. Дніпро Пр-т. Богдана Хмельницького буд.118, кв. 33;m. Dnipro Pr-t. Bogdana Hmelnickogo bud.118, kv. 33
м. Дніпро Пр-т. Богдана Хмельницького буд.118, кв. 34;m. Dnipro Pr-t. Bogdana Hmelnickogo bud.118, kv. 34
м. Дніпро Пр-т. Богдана Хмельницького буд.118, кв. 35;m. Dnipro Pr-t. Bogdana Hmelnickogo bud.118, kv. 35
м. Дніпро Пр-т. Богдана Хмельницького буд.118, кв. 36;m. Dnipro Pr-t. Bogdana Hmelnickogo bud.118, kv. 36
м. Дніпро Пр-т. Богдана Хмельницького буд.118, кв. 37;m. Dnipro Pr-t. Bogdana Hmelnickogo bud.118, kv. 37
м. Дніпро Пр-т. Богдана Хмельницького буд.118, кв. 38;m. Dnipro Pr-t. Bogdana Hmelnickogo bud.118, kv. 38
м. Дніпро Пр-т. Богдана Хмельницького буд.118, кв. 39;m. Dnipro Pr-t. Bogdana Hmelnickogo bud.118, kv. 39
м. Дніпро Пр-т. Богдана Хмельницького буд.118, кв. 4;m. Dnipro Pr-t. Bogdana Hmelnickogo bud.118, kv. 4
м. Дніпро Пр-т. Богдана Хмельницького буд.118, кв. 40;m. Dnipro Pr-t. Bogdana Hmelnickogo bud.118, kv. 40
м. Дніпро Пр-т. Богдана Хмельницького буд.118, кв. 5;m. Dnipro Pr-t. Bogdana Hmelnickogo bud.118, kv. 5
м. Дніпро Пр-т. Богдана Хмельницького буд.118, кв. 6;m. Dnipro Pr-t. Bogdana Hmelnickogo bud.118, kv. 6
м. Дніпро Пр-т. Богдана Хмельницького буд.118, кв. 7;m. Dnipro Pr-t. Bogdana Hmelnickogo bud.118, kv. 7
м. Дніпро Пр-т. Богдана Хмельницького буд.118, кв. 8;m. Dnipro Pr-t. Bogdana Hmelnickogo bud.118, kv. 8
м. Дніпро Пр-т. Богдана Хмельницького буд.118, кв. 9;m. Dnipro Pr-t. Bogdana Hmelnickogo bud.118, kv. 9
м. Дніпро Пр-т. Богдана Хмельницького буд.120, кв. 10;m. Dnipro Pr-t. Bogdana Hmelnickogo bud.120, kv. 10
м. Дніпро Пр-т. Богдана Хмельницького буд.120, кв. 11;m. Dnipro Pr-t. Bogdana Hmelnickogo bud.120, kv. 11
м. Дніпро Пр-т. Богдана Хмельницького буд.120, кв. 12;m. Dnipro Pr-t. Bogdana Hmelnickogo bud.120, kv. 12
м. Дніпро Пр-т. Богдана Хмельницького буд.120, кв. 13;m. Dnipro Pr-t. Bogdana Hmelnickogo bud.120, kv. 13
м. Дніпро Пр-т. Богдана Хмельницького буд.120, кв. 14;m. Dnipro Pr-t. Bogdana Hmelnickogo bud.120, kv. 14
м. Дніпро Пр-т. Богдана Хмельницького буд.120, кв. 15;m. Dnipro Pr-t. Bogdana Hmelnickogo bud.120, kv. 15
м. Дніпро Пр-т. Богдана Хмельницького буд.120, кв. 16;m. Dnipro Pr-t. Bogdana Hmelnickogo bud.120, kv. 16
м. Дніпро Пр-т. Богдана Хмельницького буд.120, кв. 17;m. Dnipro Pr-t. Bogdana Hmelnickogo bud.120, kv. 17
м. Дніпро Пр-т. Богдана Хмельницького буд.120, кв. 18;m. Dnipro Pr-t. Bogdana Hmelnickogo bud.120, kv. 18
м. Дніпро Пр-т. Богдана Хмельницького буд.120, кв. 19;m. Dnipro Pr-t. Bogdana Hmelnickogo bud.120, kv. 19
м. Дніпро Пр-т. Богдана Хмельницького буд.120, кв. 2;m. Dnipro Pr-t. Bogdana Hmelnickogo bud.120, kv. 2
м. Дніпро Пр-т. Богдана Хмельницького буд.120, кв. 20;m. Dnipro Pr-t. Bogdana Hmelnickogo bud.120, kv. 20
м. Дніпро Пр-т. Богдана Хмельницького буд.120, кв. 21;m. Dnipro Pr-t. Bogdana Hmelnickogo bud.120, kv. 21
м. Дніпро Пр-т. Богдана Хмельницького буд.120, кв. 22;m. Dnipro Pr-t. Bogdana Hmelnickogo bud.120, kv. 22
м. Дніпро Пр-т. Богдана Хмельницького буд.120, кв. 23;m. Dnipro Pr-t. Bogdana Hmelnickogo bud.120, kv. 23
м. Дніпро Пр-т. Богдана Хмельницького буд.120, кв. 24;m. Dnipro Pr-t. Bogdana Hmelnickogo bud.120, kv. 24
м. Дніпро Пр-т. Богдана Хмельницького буд.120, кв. 25;m. Dnipro Pr-t. Bogdana Hmelnickogo bud.120, kv. 25
м. Дніпро Пр-т. Богдана Хмельницького буд.120, кв. 26;m. Dnipro Pr-t. Bogdana Hmelnickogo bud.120, kv. 26
м. Дніпро Пр-т. Богдана Хмельницького буд.120, кв. 27;m. Dnipro Pr-t. Bogdana Hmelnickogo bud.120, kv. 27
м. Дніпро Пр-т. Богдана Хмельницького буд.120, кв. 28;m. Dnipro Pr-t. Bogdana Hmelnickogo bud.120, kv. 28
м. Дніпро Пр-т. Богдана Хмельницького буд.120, кв. 29;m. Dnipro Pr-t. Bogdana Hmelnickogo bud.120, kv. 29
м. Дніпро Пр-т. Богдана Хмельницького буд.120, кв. 3;m. Dnipro Pr-t. Bogdana Hmelnickogo bud.120, kv. 3
м. Дніпро Пр-т. Богдана Хмельницького буд.120, кв. 31;m. Dnipro Pr-t. Bogdana Hmelnickogo bud.120, kv. 31
м. Дніпро Пр-т. Богдана Хмельницького буд.120, кв. 32;m. Dnipro Pr-t. Bogdana Hmelnickogo bud.120, kv. 32
м. Дніпро Пр-т. Богдана Хмельницького буд.120, кв. 33;m. Dnipro Pr-t. Bogdana Hmelnickogo bud.120, kv. 33
м. Дніпро Пр-т. Богдана Хмельницького буд.120, кв. 34;m. Dnipro Pr-t. Bogdana Hmelnickogo bud.120, kv. 34
м. Дніпро Пр-т. Богдана Хмельницького буд.120, кв. 35;m. Dnipro Pr-t. Bogdana Hmelnickogo bud.120, kv. 35
м. Дніпро Пр-т. Богдана Хмельницького буд.120, кв. 36;m. Dnipro Pr-t. Bogdana Hmelnickogo bud.120, kv. 36
м. Дніпро Пр-т. Богдана Хмельницького буд.120, кв. 37;m. Dnipro Pr-t. Bogdana Hmelnickogo bud.120, kv. 37
м. Дніпро Пр-т. Богдана Хмельницького буд.120, кв. 38;m. Dnipro Pr-t. Bogdana Hmelnickogo bud.120, kv. 38
м. Дніпро Пр-т. Богдана Хмельницького буд.120, кв. 39;m. Dnipro Pr-t. Bogdana Hmelnickogo bud.120, kv. 39
м. Дніпро Пр-т. Богдана Хмельницького буд.120, кв. 4;m. Dnipro Pr-t. Bogdana Hmelnickogo bud.120, kv. 4
м. Дніпро Пр-т. Богдана Хмельницького буд.120, кв. 40;m. Dnipro Pr-t. Bogdana Hmelnickogo bud.120, kv. 40
м. Дніпро Пр-т. Богдана Хмельницького буд.120, кв. 41;m. Dnipro Pr-t. Bogdana Hmelnickogo bud.120, kv. 41
м. Дніпро Пр-т. Богдана Хмельницького буд.120, кв. 42;m. Dnipro Pr-t. Bogdana Hmelnickogo bud.120, kv. 42
м. Дніпро Пр-т. Богдана Хмельницького буд.120, кв. 43;m. Dnipro Pr-t. Bogdana Hmelnickogo bud.120, kv. 43
м. Дніпро Пр-т. Богдана Хмельницького буд.120, кв. 44;m. Dnipro Pr-t. Bogdana Hmelnickogo bud.120, kv. 44
м. Дніпро Пр-т. Богдана Хмельницького буд.120, кв. 45;m. Dnipro Pr-t. Bogdana Hmelnickogo bud.120, kv. 45
м. Дніпро Пр-т. Богдана Хмельницького буд.120, кв. 46;m. Dnipro Pr-t. Bogdana Hmelnickogo bud.120, kv. 46
м. Дніпро Пр-т. Богдана Хмельницького буд.120, кв. 47;m. Dnipro Pr-t. Bogdana Hmelnickogo bud.120, kv. 47
м. Дніпро Пр-т. Богдана Хмельницького буд.120, кв. 48;m. Dnipro Pr-t. Bogdana Hmelnickogo bud.120, kv. 48
м. Дніпро Пр-т. Богдана Хмельницького буд.120, кв. 49;m. Dnipro Pr-t. Bogdana Hmelnickogo bud.120, kv. 49
м. Дніпро Пр-т. Богдана Хмельницького буд.120, кв. 5;m. Dnipro Pr-t. Bogdana Hmelnickogo bud.120, kv. 5
м. Дніпро Пр-т. Богдана Хмельницького буд.120, кв. 50;m. Dnipro Pr-t. Bogdana Hmelnickogo bud.120, kv. 50
м. Дніпро Пр-т. Богдана Хмельницького буд.120, кв. 51;m. Dnipro Pr-t. Bogdana Hmelnickogo bud.120, kv. 51
м. Дніпро Пр-т. Богдана Хмельницького буд.120, кв. 52;m. Dnipro Pr-t. Bogdana Hmelnickogo bud.120, kv. 52
м. Дніпро Пр-т. Богдана Хмельницького буд.120, кв. 53;m. Dnipro Pr-t. Bogdana Hmelnickogo bud.120, kv. 53
м. Дніпро Пр-т. Богдана Хмельницького буд.120, кв. 54;m. Dnipro Pr-t. Bogdana Hmelnickogo bud.120, kv. 54
м. Дніпро Пр-т. Богдана Хмельницького буд.120, кв. 54;m. Dnipro Pr-t. Bogdana Hmelnickogo bud.120, kv. 54
м. Дніпро Пр-т. Богдана Хмельницького буд.120, кв. 55;m. Dnipro Pr-t. Bogdana Hmelnickogo bud.120, kv. 55
м. Дніпро Пр-т. Богдана Хмельницького буд.120, кв. 56;m. Dnipro Pr-t. Bogdana Hmelnickogo bud.120, kv. 56
м. Дніпро Пр-т. Богдана Хмельницького буд.120, кв. 57;m. Dnipro Pr-t. Bogdana Hmelnickogo bud.120, kv. 57
м. Дніпро Пр-т. Богдана Хмельницького буд.120, кв. 58;m. Dnipro Pr-t. Bogdana Hmelnickogo bud.120, kv. 58
м. Дніпро Пр-т. Богдана Хмельницького буд.120, кв. 59;m. Dnipro Pr-t. Bogdana Hmelnickogo bud.120, kv. 59
м. Дніпро Пр-т. Богдана Хмельницького буд.120, кв. 6;m. Dnipro Pr-t. Bogdana Hmelnickogo bud.120, kv. 6
м. Дніпро Пр-т. Богдана Хмельницького буд.120, кв. 60;m. Dnipro Pr-t. Bogdana Hmelnickogo bud.120, kv. 60
м. Дніпро Пр-т. Богдана Хмельницького буд.120, кв. 7;m. Dnipro Pr-t. Bogdana Hmelnickogo bud.120, kv. 7
м. Дніпро Пр-т. Богдана Хмельницького буд.120, кв. 8;m. Dnipro Pr-t. Bogdana Hmelnickogo bud.120, kv. 8
м. Дніпро Пр-т. Богдана Хмельницького буд.120, кв. 9;m. Dnipro Pr-t. Bogdana Hmelnickogo bud.120, kv. 9
м. Дніпро Пр-т. Богдана Хмельницького буд.128, кв. 1;m. Dnipro Pr-t. Bogdana Hmelnickogo bud.128, kv. 1
м. Дніпро Пр-т. Богдана Хмельницького буд.128, кв. 10;m. Dnipro Pr-t. Bogdana Hmelnickogo bud.128, kv. 10
м. Дніпро Пр-т. Богдана Хмельницького буд.128, кв. 11;m. Dnipro Pr-t. Bogdana Hmelnickogo bud.128, kv. 11
м. Дніпро Пр-т. Богдана Хмельницького буд.128, кв. 12;m. Dnipro Pr-t. Bogdana Hmelnickogo bud.128, kv. 12
м. Дніпро Пр-т. Богдана Хмельницького буд.128, кв. 2;m. Dnipro Pr-t. Bogdana Hmelnickogo bud.128, kv. 2
м. Дніпро Пр-т. Богдана Хмельницького буд.128, кв. 3;m. Dnipro Pr-t. Bogdana Hmelnickogo bud.128, kv. 3
м. Дніпро Пр-т. Богдана Хмельницького буд.128, кв. 4;m. Dnipro Pr-t. Bogdana Hmelnickogo bud.128, kv. 4
м. Дніпро Пр-т. Богдана Хмельницького буд.128, кв. 5;m. Dnipro Pr-t. Bogdana Hmelnickogo bud.128, kv. 5
м. Дніпро Пр-т. Богдана Хмельницького буд.128, кв. 6;m. Dnipro Pr-t. Bogdana Hmelnickogo bud.128, kv. 6
м. Дніпро Пр-т. Богдана Хмельницького буд.128, кв. 6А;m. Dnipro Pr-t. Bogdana Hmelnickogo bud.128, kv. 6A
м. Дніпро Пр-т. Богдана Хмельницького буд.128, кв. 7;m. Dnipro Pr-t. Bogdana Hmelnickogo bud.128, kv. 7
м. Дніпро Пр-т. Богдана Хмельницького буд.128, кв. 7А;m. Dnipro Pr-t. Bogdana Hmelnickogo bud.128, kv. 7A
м. Дніпро Пр-т. Богдана Хмельницького буд.128, кв. 8;m. Dnipro Pr-t. Bogdana Hmelnickogo bud.128, kv. 8
м. Дніпро Пр-т. Богдана Хмельницького буд.128, кв. 9;m. Dnipro Pr-t. Bogdana Hmelnickogo bud.128, kv. 9
м. Дніпро Пр-т. Богдана Хмельницького буд.130, кв. 1;m. Dnipro Pr-t. Bogdana Hmelnickogo bud.130, kv. 1
м. Дніпро Пр-т. Богдана Хмельницького буд.130, кв. 10;m. Dnipro Pr-t. Bogdana Hmelnickogo bud.130, kv. 10
м. Дніпро Пр-т. Богдана Хмельницького буд.130, кв. 11;m. Dnipro Pr-t. Bogdana Hmelnickogo bud.130, kv. 11
м. Дніпро Пр-т. Богдана Хмельницького буд.130, кв. 12;m. Dnipro Pr-t. Bogdana Hmelnickogo bud.130, kv. 12
м. Дніпро Пр-т. Богдана Хмельницького буд.130, кв. 2;m. Dnipro Pr-t. Bogdana Hmelnickogo bud.130, kv. 2
м. Дніпро Пр-т. Богдана Хмельницького буд.130, кв. 3;m. Dnipro Pr-t. Bogdana Hmelnickogo bud.130, kv. 3
м. Дніпро Пр-т. Богдана Хмельницького буд.130, кв. 4;m. Dnipro Pr-t. Bogdana Hmelnickogo bud.130, kv. 4
м. Дніпро Пр-т. Богдана Хмельницького буд.130, кв. 5;m. Dnipro Pr-t. Bogdana Hmelnickogo bud.130, kv. 5
м. Дніпро Пр-т. Богдана Хмельницького буд.130, кв. 6;m. Dnipro Pr-t. Bogdana Hmelnickogo bud.130, kv. 6
м. Дніпро Пр-т. Богдана Хмельницького буд.130, кв. 7;m. Dnipro Pr-t. Bogdana Hmelnickogo bud.130, kv. 7
м. Дніпро Пр-т. Богдана Хмельницького буд.130, кв. 8;m. Dnipro Pr-t. Bogdana Hmelnickogo bud.130, kv. 8
м. Дніпро Пр-т. Богдана Хмельницького буд.130, кв. 9;m. Dnipro Pr-t. Bogdana Hmelnickogo bud.130, kv. 9
м. Дніпро Пр-т. Богдана Хмельницького буд.134, кв. 1;m. Dnipro Pr-t. Bogdana Hmelnickogo bud.134, kv. 1
м. Дніпро Пр-т. Богдана Хмельницького буд.134, кв. 10;m. Dnipro Pr-t. Bogdana Hmelnickogo bud.134, kv. 10
м. Дніпро Пр-т. Богдана Хмельницького буд.134, кв. 11;m. Dnipro Pr-t. Bogdana Hmelnickogo bud.134, kv. 11
м. Дніпро Пр-т. Богдана Хмельницького буд.134, кв. 12;m. Dnipro Pr-t. Bogdana Hmelnickogo bud.134, kv. 12
м. Дніпро Пр-т. Богдана Хмельницького буд.134, кв. 13;m. Dnipro Pr-t. Bogdana Hmelnickogo bud.134, kv. 13
м. Дніпро Пр-т. Богдана Хмельницького буд.134, кв. 14;m. Dnipro Pr-t. Bogdana Hmelnickogo bud.134, kv. 14
м. Дніпро Пр-т. Богдана Хмельницького буд.134, кв. 15;m. Dnipro Pr-t. Bogdana Hmelnickogo bud.134, kv. 15
м. Дніпро Пр-т. Богдана Хмельницького буд.134, кв. 16;m. Dnipro Pr-t. Bogdana Hmelnickogo bud.134, kv. 16
м. Дніпро Пр-т. Богдана Хмельницького буд.134, кв. 17;m. Dnipro Pr-t. Bogdana Hmelnickogo bud.134, kv. 17
м. Дніпро Пр-т. Богдана Хмельницького буд.134, кв. 18;m. Dnipro Pr-t. Bogdana Hmelnickogo bud.134, kv. 18
м. Дніпро Пр-т. Богдана Хмельницького буд.134, кв. 19;m. Dnipro Pr-t. Bogdana Hmelnickogo bud.134, kv. 19
м. Дніпро Пр-т. Богдана Хмельницького буд.134, кв. 1А;m. Dnipro Pr-t. Bogdana Hmelnickogo bud.134, kv. 1A
м. Дніпро Пр-т. Богдана Хмельницького буд.134, кв. 2;m. Dnipro Pr-t. Bogdana Hmelnickogo bud.134, kv. 2
м. Дніпро Пр-т. Богдана Хмельницького буд.134, кв. 21;m. Dnipro Pr-t. Bogdana Hmelnickogo bud.134, kv. 21
м. Дніпро Пр-т. Богдана Хмельницького буд.134, кв. 22;m. Dnipro Pr-t. Bogdana Hmelnickogo bud.134, kv. 22
м. Дніпро Пр-т. Богдана Хмельницького буд.134, кв. 23;m. Dnipro Pr-t. Bogdana Hmelnickogo bud.134, kv. 23
м. Дніпро Пр-т. Богдана Хмельницького буд.134, кв. 24;m. Dnipro Pr-t. Bogdana Hmelnickogo bud.134, kv. 24
м. Дніпро Пр-т. Богдана Хмельницького буд.134, кв. 26;m. Dnipro Pr-t. Bogdana Hmelnickogo bud.134, kv. 26
м. Дніпро Пр-т. Богдана Хмельницького буд.134, кв. 27;m. Dnipro Pr-t. Bogdana Hmelnickogo bud.134, kv. 27
м. Дніпро Пр-т. Богдана Хмельницького буд.134, кв. 28;m. Dnipro Pr-t. Bogdana Hmelnickogo bud.134, kv. 28
м. Дніпро Пр-т. Богдана Хмельницького буд.134, кв. 28;m. Dnipro Pr-t. Bogdana Hmelnickogo bud.134, kv. 28
м. Дніпро Пр-т. Богдана Хмельницького буд.134, кв. 29;m. Dnipro Pr-t. Bogdana Hmelnickogo bud.134, kv. 29
м. Дніпро Пр-т. Богдана Хмельницького буд.134, кв. 3;m. Dnipro Pr-t. Bogdana Hmelnickogo bud.134, kv. 3
м. Дніпро Пр-т. Богдана Хмельницького буд.134, кв. 30;m. Dnipro Pr-t. Bogdana Hmelnickogo bud.134, kv. 30
м. Дніпро Пр-т. Богдана Хмельницького буд.134, кв. 31;m. Dnipro Pr-t. Bogdana Hmelnickogo bud.134, kv. 31
м. Дніпро Пр-т. Богдана Хмельницького буд.134, кв. 32;m. Dnipro Pr-t. Bogdana Hmelnickogo bud.134, kv. 32
м. Дніпро Пр-т. Богдана Хмельницького буд.134, кв. 33;m. Dnipro Pr-t. Bogdana Hmelnickogo bud.134, kv. 33
м. Дніпро Пр-т. Богдана Хмельницького буд.134, кв. 34;m. Dnipro Pr-t. Bogdana Hmelnickogo bud.134, kv. 34
м. Дніпро Пр-т. Богдана Хмельницького буд.134, кв. 35;m. Dnipro Pr-t. Bogdana Hmelnickogo bud.134, kv. 35
м. Дніпро Пр-т. Богдана Хмельницького буд.134, кв. 36;m. Dnipro Pr-t. Bogdana Hmelnickogo bud.134, kv. 36
м. Дніпро Пр-т. Богдана Хмельницького буд.134, кв. 37;m. Dnipro Pr-t. Bogdana Hmelnickogo bud.134, kv. 37
м. Дніпро Пр-т. Богдана Хмельницького буд.134, кв. 38;m. Dnipro Pr-t. Bogdana Hmelnickogo bud.134, kv. 38
м. Дніпро Пр-т. Богдана Хмельницького буд.134, кв. 39;m. Dnipro Pr-t. Bogdana Hmelnickogo bud.134, kv. 39
м. Дніпро Пр-т. Богдана Хмельницького буд.134, кв. 4;m. Dnipro Pr-t. Bogdana Hmelnickogo bud.134, kv. 4
м. Дніпро Пр-т. Богдана Хмельницького буд.134, кв. 4;m. Dnipro Pr-t. Bogdana Hmelnickogo bud.134, kv. 4
м. Дніпро Пр-т. Богдана Хмельницького буд.134, кв. 40;m. Dnipro Pr-t. Bogdana Hmelnickogo bud.134, kv. 40
м. Дніпро Пр-т. Богдана Хмельницького буд.134, кв. 41;m. Dnipro Pr-t. Bogdana Hmelnickogo bud.134, kv. 41
м. Дніпро Пр-т. Богдана Хмельницького буд.134, кв. 42;m. Dnipro Pr-t. Bogdana Hmelnickogo bud.134, kv. 42
м. Дніпро Пр-т. Богдана Хмельницького буд.134, кв. 43;m. Dnipro Pr-t. Bogdana Hmelnickogo bud.134, kv. 43
м. Дніпро Пр-т. Богдана Хмельницького буд.134, кв. 44;m. Dnipro Pr-t. Bogdana Hmelnickogo bud.134, kv. 44
м. Дніпро Пр-т. Богдана Хмельницького буд.134, кв. 45;m. Dnipro Pr-t. Bogdana Hmelnickogo bud.134, kv. 45
м. Дніпро Пр-т. Богдана Хмельницького буд.134, кв. 46;m. Dnipro Pr-t. Bogdana Hmelnickogo bud.134, kv. 46
м. Дніпро Пр-т. Богдана Хмельницького буд.134, кв. 47;m. Dnipro Pr-t. Bogdana Hmelnickogo bud.134, kv. 47
м. Дніпро Пр-т. Богдана Хмельницького буд.134, кв. 48;m. Dnipro Pr-t. Bogdana Hmelnickogo bud.134, kv. 48
м. Дніпро Пр-т. Богдана Хмельницького буд.134, кв. 49;m. Dnipro Pr-t. Bogdana Hmelnickogo bud.134, kv. 49
м. Дніпро Пр-т. Богдана Хмельницького буд.134, кв. 5;m. Dnipro Pr-t. Bogdana Hmelnickogo bud.134, kv. 5
м. Дніпро Пр-т. Богдана Хмельницького буд.134, кв. 50;m. Dnipro Pr-t. Bogdana Hmelnickogo bud.134, kv. 50
м. Дніпро Пр-т. Богдана Хмельницького буд.134, кв. 51;m. Dnipro Pr-t. Bogdana Hmelnickogo bud.134, kv. 51
м. Дніпро Пр-т. Богдана Хмельницького буд.134, кв. 52;m. Dnipro Pr-t. Bogdana Hmelnickogo bud.134, kv. 52
м. Дніпро Пр-т. Богдана Хмельницького буд.134, кв. 53;m. Dnipro Pr-t. Bogdana Hmelnickogo bud.134, kv. 53
м. Дніпро Пр-т. Богдана Хмельницького буд.134, кв. 54;m. Dnipro Pr-t. Bogdana Hmelnickogo bud.134, kv. 54
м. Дніпро Пр-т. Богдана Хмельницького буд.134, кв. 55;m. Dnipro Pr-t. Bogdana Hmelnickogo bud.134, kv. 55
м. Дніпро Пр-т. Богдана Хмельницького буд.134, кв. 56;m. Dnipro Pr-t. Bogdana Hmelnickogo bud.134, kv. 56
м. Дніпро Пр-т. Богдана Хмельницького буд.134, кв. 6;m. Dnipro Pr-t. Bogdana Hmelnickogo bud.134, kv. 6
м. Дніпро Пр-т. Богдана Хмельницького буд.134, кв. 7;m. Dnipro Pr-t. Bogdana Hmelnickogo bud.134, kv. 7
м. Дніпро Пр-т. Богдана Хмельницького буд.134, кв. 8;m. Dnipro Pr-t. Bogdana Hmelnickogo bud.134, kv. 8
м. Дніпро Пр-т. Богдана Хмельницького буд.134, кв. 9;m. Dnipro Pr-t. Bogdana Hmelnickogo bud.134, kv. 9
м. Дніпро Пр-т. Богдана Хмельницького буд.136, кв. 1;m. Dnipro Pr-t. Bogdana Hmelnickogo bud.136, kv. 1
м. Дніпро Пр-т. Богдана Хмельницького буд.136, кв. 10;m. Dnipro Pr-t. Bogdana Hmelnickogo bud.136, kv. 10
м. Дніпро Пр-т. Богдана Хмельницького буд.136, кв. 11;m. Dnipro Pr-t. Bogdana Hmelnickogo bud.136, kv. 11
м. Дніпро Пр-т. Богдана Хмельницького буд.136, кв. 12;m. Dnipro Pr-t. Bogdana Hmelnickogo bud.136, kv. 12
м. Дніпро Пр-т. Богдана Хмельницького буд.136, кв. 13;m. Dnipro Pr-t. Bogdana Hmelnickogo bud.136, kv. 13
м. Дніпро Пр-т. Богдана Хмельницького буд.136, кв. 14;m. Dnipro Pr-t. Bogdana Hmelnickogo bud.136, kv. 14
м. Дніпро Пр-т. Богдана Хмельницького буд.136, кв. 15;m. Dnipro Pr-t. Bogdana Hmelnickogo bud.136, kv. 15
м. Дніпро Пр-т. Богдана Хмельницького буд.136, кв. 16;m. Dnipro Pr-t. Bogdana Hmelnickogo bud.136, kv. 16
м. Дніпро Пр-т. Богдана Хмельницького буд.136, кв. 17;m. Dnipro Pr-t. Bogdana Hmelnickogo bud.136, kv. 17
м. Дніпро Пр-т. Богдана Хмельницького буд.136, кв. 18;m. Dnipro Pr-t. Bogdana Hmelnickogo bud.136, kv. 18
м. Дніпро Пр-т. Богдана Хмельницького буд.136, кв. 19;m. Dnipro Pr-t. Bogdana Hmelnickogo bud.136, kv. 19
м. Дніпро Пр-т. Богдана Хмельницького буд.136, кв. 2;m. Dnipro Pr-t. Bogdana Hmelnickogo bud.136, kv. 2
м. Дніпро Пр-т. Богдана Хмельницького буд.136, кв. 20;m. Dnipro Pr-t. Bogdana Hmelnickogo bud.136, kv. 20
м. Дніпро Пр-т. Богдана Хмельницького буд.136, кв. 21;m. Dnipro Pr-t. Bogdana Hmelnickogo bud.136, kv. 21
м. Дніпро Пр-т. Богдана Хмельницького буд.136, кв. 22;m. Dnipro Pr-t. Bogdana Hmelnickogo bud.136, kv. 22
м. Дніпро Пр-т. Богдана Хмельницького буд.136, кв. 23;m. Dnipro Pr-t. Bogdana Hmelnickogo bud.136, kv. 23
м. Дніпро Пр-т. Богдана Хмельницького буд.136, кв. 24;m. Dnipro Pr-t. Bogdana Hmelnickogo bud.136, kv. 24
м. Дніпро Пр-т. Богдана Хмельницького буд.136, кв. 25;m. Dnipro Pr-t. Bogdana Hmelnickogo bud.136, kv. 25
м. Дніпро Пр-т. Богдана Хмельницького буд.136, кв. 26;m. Dnipro Pr-t. Bogdana Hmelnickogo bud.136, kv. 26
м. Дніпро Пр-т. Богдана Хмельницького буд.136, кв. 27;m. Dnipro Pr-t. Bogdana Hmelnickogo bud.136, kv. 27
м. Дніпро Пр-т. Богдана Хмельницького буд.136, кв. 28;m. Dnipro Pr-t. Bogdana Hmelnickogo bud.136, kv. 28
м. Дніпро Пр-т. Богдана Хмельницького буд.136, кв. 29;m. Dnipro Pr-t. Bogdana Hmelnickogo bud.136, kv. 29
м. Дніпро Пр-т. Богдана Хмельницького буд.136, кв. 3;m. Dnipro Pr-t. Bogdana Hmelnickogo bud.136, kv. 3
м. Дніпро Пр-т. Богдана Хмельницького буд.136, кв. 30;m. Dnipro Pr-t. Bogdana Hmelnickogo bud.136, kv. 30
м. Дніпро Пр-т. Богдана Хмельницького буд.136, кв. 31;m. Dnipro Pr-t. Bogdana Hmelnickogo bud.136, kv. 31
м. Дніпро Пр-т. Богдана Хмельницького буд.136, кв. 32;m. Dnipro Pr-t. Bogdana Hmelnickogo bud.136, kv. 32
м. Дніпро Пр-т. Богдана Хмельницького буд.136, кв. 33;m. Dnipro Pr-t. Bogdana Hmelnickogo bud.136, kv. 33
м. Дніпро Пр-т. Богдана Хмельницького буд.136, кв. 34;m. Dnipro Pr-t. Bogdana Hmelnickogo bud.136, kv. 34
м. Дніпро Пр-т. Богдана Хмельницького буд.136, кв. 35;m. Dnipro Pr-t. Bogdana Hmelnickogo bud.136, kv. 35
м. Дніпро Пр-т. Богдана Хмельницького буд.136, кв. 36;m. Dnipro Pr-t. Bogdana Hmelnickogo bud.136, kv. 36
м. Дніпро Пр-т. Богдана Хмельницького буд.136, кв. 37;m. Dnipro Pr-t. Bogdana Hmelnickogo bud.136, kv. 37
м. Дніпро Пр-т. Богдана Хмельницького буд.136, кв. 38;m. Dnipro Pr-t. Bogdana Hmelnickogo bud.136, kv. 38
м. Дніпро Пр-т. Богдана Хмельницького буд.136, кв. 39;m. Dnipro Pr-t. Bogdana Hmelnickogo bud.136, kv. 39
м. Дніпро Пр-т. Богдана Хмельницького буд.136, кв. 4;m. Dnipro Pr-t. Bogdana Hmelnickogo bud.136, kv. 4
м. Дніпро Пр-т. Богдана Хмельницького буд.136, кв. 40;m. Dnipro Pr-t. Bogdana Hmelnickogo bud.136, kv. 40
м. Дніпро Пр-т. Богдана Хмельницького буд.136, кв. 5;m. Dnipro Pr-t. Bogdana Hmelnickogo bud.136, kv. 5
м. Дніпро Пр-т. Богдана Хмельницького буд.136, кв. 6;m. Dnipro Pr-t. Bogdana Hmelnickogo bud.136, kv. 6
м. Дніпро Пр-т. Богдана Хмельницького буд.136, кв. 7;m. Dnipro Pr-t. Bogdana Hmelnickogo bud.136, kv. 7
м. Дніпро Пр-т. Богдана Хмельницького буд.136, кв. 8;m. Dnipro Pr-t. Bogdana Hmelnickogo bud.136, kv. 8
м. Дніпро Пр-т. Богдана Хмельницького буд.136, кв. 9;m. Dnipro Pr-t. Bogdana Hmelnickogo bud.136, kv. 9
м. Дніпро Пр-т. Богдана Хмельницького буд.138, кв. 1;m. Dnipro Pr-t. Bogdana Hmelnickogo bud.138, kv. 1
м. Дніпро Пр-т. Богдана Хмельницького буд.138, кв. 10;m. Dnipro Pr-t. Bogdana Hmelnickogo bud.138, kv. 10
м. Дніпро Пр-т. Богдана Хмельницького буд.138, кв. 11;m. Dnipro Pr-t. Bogdana Hmelnickogo bud.138, kv. 11
м. Дніпро Пр-т. Богдана Хмельницького буд.138, кв. 12;m. Dnipro Pr-t. Bogdana Hmelnickogo bud.138, kv. 12
м. Дніпро Пр-т. Богдана Хмельницького буд.138, кв. 13;m. Dnipro Pr-t. Bogdana Hmelnickogo bud.138, kv. 13
м. Дніпро Пр-т. Богдана Хмельницького буд.138, кв. 14;m. Dnipro Pr-t. Bogdana Hmelnickogo bud.138, kv. 14
м. Дніпро Пр-т. Богдана Хмельницького буд.138, кв. 15;m. Dnipro Pr-t. Bogdana Hmelnickogo bud.138, kv. 15
м. Дніпро Пр-т. Богдана Хмельницького буд.138, кв. 16;m. Dnipro Pr-t. Bogdana Hmelnickogo bud.138, kv. 16
м. Дніпро Пр-т. Богдана Хмельницького буд.138, кв. 17;m. Dnipro Pr-t. Bogdana Hmelnickogo bud.138, kv. 17
м. Дніпро Пр-т. Богдана Хмельницького буд.138, кв. 18;m. Dnipro Pr-t. Bogdana Hmelnickogo bud.138, kv. 18
м. Дніпро Пр-т. Богдана Хмельницького буд.138, кв. 19;m. Dnipro Pr-t. Bogdana Hmelnickogo bud.138, kv. 19
м. Дніпро Пр-т. Богдана Хмельницького буд.138, кв. 2;m. Dnipro Pr-t. Bogdana Hmelnickogo bud.138, kv. 2
м. Дніпро Пр-т. Богдана Хмельницького буд.138, кв. 20;m. Dnipro Pr-t. Bogdana Hmelnickogo bud.138, kv. 20
м. Дніпро Пр-т. Богдана Хмельницького буд.138, кв. 21;m. Dnipro Pr-t. Bogdana Hmelnickogo bud.138, kv. 21
м. Дніпро Пр-т. Богдана Хмельницького буд.138, кв. 22;m. Dnipro Pr-t. Bogdana Hmelnickogo bud.138, kv. 22
м. Дніпро Пр-т. Богдана Хмельницького буд.138, кв. 23;m. Dnipro Pr-t. Bogdana Hmelnickogo bud.138, kv. 23
м. Дніпро Пр-т. Богдана Хмельницького буд.138, кв. 24;m. Dnipro Pr-t. Bogdana Hmelnickogo bud.138, kv. 24
м. Дніпро Пр-т. Богдана Хмельницького буд.138, кв. 25;m. Dnipro Pr-t. Bogdana Hmelnickogo bud.138, kv. 25
м. Дніпро Пр-т. Богдана Хмельницького буд.138, кв. 26;m. Dnipro Pr-t. Bogdana Hmelnickogo bud.138, kv. 26
м. Дніпро Пр-т. Богдана Хмельницького буд.138, кв. 27;m. Dnipro Pr-t. Bogdana Hmelnickogo bud.138, kv. 27
м. Дніпро Пр-т. Богдана Хмельницького буд.138, кв. 28;m. Dnipro Pr-t. Bogdana Hmelnickogo bud.138, kv. 28
м. Дніпро Пр-т. Богдана Хмельницького буд.138, кв. 29;m. Dnipro Pr-t. Bogdana Hmelnickogo bud.138, kv. 29
м. Дніпро Пр-т. Богдана Хмельницького буд.138, кв. 3;m. Dnipro Pr-t. Bogdana Hmelnickogo bud.138, kv. 3
м. Дніпро Пр-т. Богдана Хмельницького буд.138, кв. 30;m. Dnipro Pr-t. Bogdana Hmelnickogo bud.138, kv. 30
м. Дніпро Пр-т. Богдана Хмельницького буд.138, кв. 31;m. Dnipro Pr-t. Bogdana Hmelnickogo bud.138, kv. 31
м. Дніпро Пр-т. Богдана Хмельницького буд.138, кв. 32;m. Dnipro Pr-t. Bogdana Hmelnickogo bud.138, kv. 32
м. Дніпро Пр-т. Богдана Хмельницького буд.138, кв. 33;m. Dnipro Pr-t. Bogdana Hmelnickogo bud.138, kv. 33
м. Дніпро Пр-т. Богдана Хмельницького буд.138, кв. 34;m. Dnipro Pr-t. Bogdana Hmelnickogo bud.138, kv. 34
м. Дніпро Пр-т. Богдана Хмельницького буд.138, кв. 35;m. Dnipro Pr-t. Bogdana Hmelnickogo bud.138, kv. 35
м. Дніпро Пр-т. Богдана Хмельницького буд.138, кв. 36;m. Dnipro Pr-t. Bogdana Hmelnickogo bud.138, kv. 36
м. Дніпро Пр-т. Богдана Хмельницького буд.138, кв. 37;m. Dnipro Pr-t. Bogdana Hmelnickogo bud.138, kv. 37
м. Дніпро Пр-т. Богдана Хмельницького буд.138, кв. 38;m. Dnipro Pr-t. Bogdana Hmelnickogo bud.138, kv. 38
м. Дніпро Пр-т. Богдана Хмельницького буд.138, кв. 39;m. Dnipro Pr-t. Bogdana Hmelnickogo bud.138, kv. 39
м. Дніпро Пр-т. Богдана Хмельницького буд.138, кв. 4;m. Dnipro Pr-t. Bogdana Hmelnickogo bud.138, kv. 4
м. Дніпро Пр-т. Богдана Хмельницького буд.138, кв. 40;m. Dnipro Pr-t. Bogdana Hmelnickogo bud.138, kv. 40
м. Дніпро Пр-т. Богдана Хмельницького буд.138, кв. 41;m. Dnipro Pr-t. Bogdana Hmelnickogo bud.138, kv. 41
м. Дніпро Пр-т. Богдана Хмельницького буд.138, кв. 42;m. Dnipro Pr-t. Bogdana Hmelnickogo bud.138, kv. 42
м. Дніпро Пр-т. Богдана Хмельницького буд.138, кв. 43;m. Dnipro Pr-t. Bogdana Hmelnickogo bud.138, kv. 43
м. Дніпро Пр-т. Богдана Хмельницького буд.138, кв. 44;m. Dnipro Pr-t. Bogdana Hmelnickogo bud.138, kv. 44
м. Дніпро Пр-т. Богдана Хмельницького буд.138, кв. 45;m. Dnipro Pr-t. Bogdana Hmelnickogo bud.138, kv. 45
м. Дніпро Пр-т. Богдана Хмельницького буд.138, кв. 46;m. Dnipro Pr-t. Bogdana Hmelnickogo bud.138, kv. 46
м. Дніпро Пр-т. Богдана Хмельницького буд.138, кв. 47;m. Dnipro Pr-t. Bogdana Hmelnickogo bud.138, kv. 47
м. Дніпро Пр-т. Богдана Хмельницького буд.138, кв. 48;m. Dnipro Pr-t. Bogdana Hmelnickogo bud.138, kv. 48
м. Дніпро Пр-т. Богдана Хмельницького буд.138, кв. 49;m. Dnipro Pr-t. Bogdana Hmelnickogo bud.138, kv. 49
м. Дніпро Пр-т. Богдана Хмельницького буд.138, кв. 5;m. Dnipro Pr-t. Bogdana Hmelnickogo bud.138, kv. 5
м. Дніпро Пр-т. Богдана Хмельницького буд.138, кв. 50;m. Dnipro Pr-t. Bogdana Hmelnickogo bud.138, kv. 50
м. Дніпро Пр-т. Богдана Хмельницького буд.138, кв. 51;m. Dnipro Pr-t. Bogdana Hmelnickogo bud.138, kv. 51
м. Дніпро Пр-т. Богдана Хмельницького буд.138, кв. 52;m. Dnipro Pr-t. Bogdana Hmelnickogo bud.138, kv. 52
м. Дніпро Пр-т. Богдана Хмельницького буд.138, кв. 6;m. Dnipro Pr-t. Bogdana Hmelnickogo bud.138, kv. 6
м. Дніпро Пр-т. Богдана Хмельницького буд.138, кв. 7;m. Dnipro Pr-t. Bogdana Hmelnickogo bud.138, kv. 7
м. Дніпро Пр-т. Богдана Хмельницького буд.138, кв. 8;m. Dnipro Pr-t. Bogdana Hmelnickogo bud.138, kv. 8
м. Дніпро Пр-т. Богдана Хмельницького буд.138, кв. 9;m. Dnipro Pr-t. Bogdana Hmelnickogo bud.138, kv. 9
м. Дніпро Пр-т. Богдана Хмельницького буд.140Г, кв. 1;m. Dnipro Pr-t. Bogdana Hmelnickogo bud.140G, kv. 1
м. Дніпро Пр-т. Богдана Хмельницького буд.140г, кв. 10;m. Dnipro Pr-t. Bogdana Hmelnickogo bud.140g, kv. 10
м. Дніпро Пр-т. Богдана Хмельницького буд.140г, кв. 100;m. Dnipro Pr-t. Bogdana Hmelnickogo bud.140g, kv. 100
м. Дніпро Пр-т. Богдана Хмельницького буд.140г, кв. 101;m. Dnipro Pr-t. Bogdana Hmelnickogo bud.140g, kv. 101
м. Дніпро Пр-т. Богдана Хмельницького буд.140г, кв. 102;m. Dnipro Pr-t. Bogdana Hmelnickogo bud.140g, kv. 102
м. Дніпро Пр-т. Богдана Хмельницького буд.140г, кв. 103;m. Dnipro Pr-t. Bogdana Hmelnickogo bud.140g, kv. 103
м. Дніпро Пр-т. Богдана Хмельницького буд.140г, кв. 104;m. Dnipro Pr-t. Bogdana Hmelnickogo bud.140g, kv. 104
м. Дніпро Пр-т. Богдана Хмельницького буд.140г, кв. 105;m. Dnipro Pr-t. Bogdana Hmelnickogo bud.140g, kv. 105
м. Дніпро Пр-т. Богдана Хмельницького буд.140г, кв. 106;m. Dnipro Pr-t. Bogdana Hmelnickogo bud.140g, kv. 106
м. Дніпро Пр-т. Богдана Хмельницького буд.140г, кв. 107;m. Dnipro Pr-t. Bogdana Hmelnickogo bud.140g, kv. 107
м. Дніпро Пр-т. Богдана Хмельницького буд.140г, кв. 108;m. Dnipro Pr-t. Bogdana Hmelnickogo bud.140g, kv. 108
м. Дніпро Пр-т. Богдана Хмельницького буд.140г, кв. 109;m. Dnipro Pr-t. Bogdana Hmelnickogo bud.140g, kv. 109
м. Дніпро Пр-т. Богдана Хмельницького буд.140г, кв. 11;m. Dnipro Pr-t. Bogdana Hmelnickogo bud.140g, kv. 11
м. Дніпро Пр-т. Богдана Хмельницького буд.140г, кв. 110;m. Dnipro Pr-t. Bogdana Hmelnickogo bud.140g, kv. 110
м. Дніпро Пр-т. Богдана Хмельницького буд.140г, кв. 111;m. Dnipro Pr-t. Bogdana Hmelnickogo bud.140g, kv. 111
м. Дніпро Пр-т. Богдана Хмельницького буд.140г, кв. 112;m. Dnipro Pr-t. Bogdana Hmelnickogo bud.140g, kv. 112
м. Дніпро Пр-т. Богдана Хмельницького буд.140г, кв. 113;m. Dnipro Pr-t. Bogdana Hmelnickogo bud.140g, kv. 113
м. Дніпро Пр-т. Богдана Хмельницького буд.140г, кв. 114;m. Dnipro Pr-t. Bogdana Hmelnickogo bud.140g, kv. 114
м. Дніпро Пр-т. Богдана Хмельницького буд.140г, кв. 115;m. Dnipro Pr-t. Bogdana Hmelnickogo bud.140g, kv. 115
м. Дніпро Пр-т. Богдана Хмельницького буд.140г, кв. 116;m. Dnipro Pr-t. Bogdana Hmelnickogo bud.140g, kv. 116
м. Дніпро Пр-т. Богдана Хмельницького буд.140г, кв. 117;m. Dnipro Pr-t. Bogdana Hmelnickogo bud.140g, kv. 117
м. Дніпро Пр-т. Богдана Хмельницького буд.140г, кв. 118;m. Dnipro Pr-t. Bogdana Hmelnickogo bud.140g, kv. 118
м. Дніпро Пр-т. Богдана Хмельницького буд.140г, кв. 119;m. Dnipro Pr-t. Bogdana Hmelnickogo bud.140g, kv. 119
м. Дніпро Пр-т. Богдана Хмельницького буд.140г, кв. 12;m. Dnipro Pr-t. Bogdana Hmelnickogo bud.140g, kv. 12
м. Дніпро Пр-т. Богдана Хмельницького буд.140г, кв. 120;m. Dnipro Pr-t. Bogdana Hmelnickogo bud.140g, kv. 120
м. Дніпро Пр-т. Богдана Хмельницького буд.140г, кв. 121;m. Dnipro Pr-t. Bogdana Hmelnickogo bud.140g, kv. 121
м. Дніпро Пр-т. Богдана Хмельницького буд.140г, кв. 122;m. Dnipro Pr-t. Bogdana Hmelnickogo bud.140g, kv. 122
м. Дніпро Пр-т. Богдана Хмельницького буд.140г, кв. 122А;m. Dnipro Pr-t. Bogdana Hmelnickogo bud.140g, kv. 122A
м. Дніпро Пр-т. Богдана Хмельницького буд.140г, кв. 123;m. Dnipro Pr-t. Bogdana Hmelnickogo bud.140g, kv. 123
м. Дніпро Пр-т. Богдана Хмельницького буд.140г, кв. 124;m. Dnipro Pr-t. Bogdana Hmelnickogo bud.140g, kv. 124
м. Дніпро Пр-т. Богдана Хмельницького буд.140г, кв. 125;m. Dnipro Pr-t. Bogdana Hmelnickogo bud.140g, kv. 125
м. Дніпро Пр-т. Богдана Хмельницького буд.140г, кв. 126;m. Dnipro Pr-t. Bogdana Hmelnickogo bud.140g, kv. 126
м. Дніпро Пр-т. Богдана Хмельницького буд.140г, кв. 127;m. Dnipro Pr-t. Bogdana Hmelnickogo bud.140g, kv. 127
м. Дніпро Пр-т. Богдана Хмельницького буд.140г, кв. 13;m. Dnipro Pr-t. Bogdana Hmelnickogo bud.140g, kv. 13
м. Дніпро Пр-т. Богдана Хмельницького буд.140г, кв. 14;m. Dnipro Pr-t. Bogdana Hmelnickogo bud.140g, kv. 14
м. Дніпро Пр-т. Богдана Хмельницького буд.140г, кв. 15;m. Dnipro Pr-t. Bogdana Hmelnickogo bud.140g, kv. 15
м. Дніпро Пр-т. Богдана Хмельницького буд.140г, кв. 16;m. Dnipro Pr-t. Bogdana Hmelnickogo bud.140g, kv. 16
м. Дніпро Пр-т. Богдана Хмельницького буд.140г, кв. 17;m. Dnipro Pr-t. Bogdana Hmelnickogo bud.140g, kv. 17
м. Дніпро Пр-т. Богдана Хмельницького буд.140г, кв. 18;m. Dnipro Pr-t. Bogdana Hmelnickogo bud.140g, kv. 18
м. Дніпро Пр-т. Богдана Хмельницького буд.140г, кв. 19;m. Dnipro Pr-t. Bogdana Hmelnickogo bud.140g, kv. 19
м. Дніпро Пр-т. Богдана Хмельницького буд.140г, кв. 1А;m. Dnipro Pr-t. Bogdana Hmelnickogo bud.140g, kv. 1A
м. Дніпро Пр-т. Богдана Хмельницького буд.140Г, кв. 2;m. Dnipro Pr-t. Bogdana Hmelnickogo bud.140G, kv. 2
м. Дніпро Пр-т. Богдана Хмельницького буд.140г, кв. 20;m. Dnipro Pr-t. Bogdana Hmelnickogo bud.140g, kv. 20
м. Дніпро Пр-т. Богдана Хмельницького буд.140г, кв. 21;m. Dnipro Pr-t. Bogdana Hmelnickogo bud.140g, kv. 21
м. Дніпро Пр-т. Богдана Хмельницького буд.140г, кв. 22;m. Dnipro Pr-t. Bogdana Hmelnickogo bud.140g, kv. 22
м. Дніпро Пр-т. Богдана Хмельницького буд.140г, кв. 23;m. Dnipro Pr-t. Bogdana Hmelnickogo bud.140g, kv. 23
м. Дніпро Пр-т. Богдана Хмельницького буд.140г, кв. 24;m. Dnipro Pr-t. Bogdana Hmelnickogo bud.140g, kv. 24
м. Дніпро Пр-т. Богдана Хмельницького буд.140г, кв. 26;m. Dnipro Pr-t. Bogdana Hmelnickogo bud.140g, kv. 26
м. Дніпро Пр-т. Богдана Хмельницького буд.140г, кв. 27;m. Dnipro Pr-t. Bogdana Hmelnickogo bud.140g, kv. 27
м. Дніпро Пр-т. Богдана Хмельницького буд.140г, кв. 28;m. Dnipro Pr-t. Bogdana Hmelnickogo bud.140g, kv. 28
м. Дніпро Пр-т. Богдана Хмельницького буд.140г, кв. 29;m. Dnipro Pr-t. Bogdana Hmelnickogo bud.140g, kv. 29
м. Дніпро Пр-т. Богдана Хмельницького буд.140г, кв. 2А;m. Dnipro Pr-t. Bogdana Hmelnickogo bud.140g, kv. 2A
м. Дніпро Пр-т. Богдана Хмельницького буд.140Г, кв. 3;m. Dnipro Pr-t. Bogdana Hmelnickogo bud.140G, kv. 3
м. Дніпро Пр-т. Богдана Хмельницького буд.140г, кв. 30;m. Dnipro Pr-t. Bogdana Hmelnickogo bud.140g, kv. 30
м. Дніпро Пр-т. Богдана Хмельницького буд.140г, кв. 31;m. Dnipro Pr-t. Bogdana Hmelnickogo bud.140g, kv. 31
м. Дніпро Пр-т. Богдана Хмельницького буд.140г, кв. 32;m. Dnipro Pr-t. Bogdana Hmelnickogo bud.140g, kv. 32
м. Дніпро Пр-т. Богдана Хмельницького буд.140г, кв. 33;m. Dnipro Pr-t. Bogdana Hmelnickogo bud.140g, kv. 33
м. Дніпро Пр-т. Богдана Хмельницького буд.140г, кв. 34;m. Dnipro Pr-t. Bogdana Hmelnickogo bud.140g, kv. 34
м. Дніпро Пр-т. Богдана Хмельницького буд.140г, кв. 35;m. Dnipro Pr-t. Bogdana Hmelnickogo bud.140g, kv. 35
м. Дніпро Пр-т. Богдана Хмельницького буд.140г, кв. 36;m. Dnipro Pr-t. Bogdana Hmelnickogo bud.140g, kv. 36
м. Дніпро Пр-т. Богдана Хмельницького буд.140г, кв. 37;m. Dnipro Pr-t. Bogdana Hmelnickogo bud.140g, kv. 37
м. Дніпро Пр-т. Богдана Хмельницького буд.140г, кв. 39;m. Dnipro Pr-t. Bogdana Hmelnickogo bud.140g, kv. 39
м. Дніпро Пр-т. Богдана Хмельницького буд.140Г, кв. 4;m. Dnipro Pr-t. Bogdana Hmelnickogo bud.140G, kv. 4
м. Дніпро Пр-т. Богдана Хмельницького буд.140г, кв. 40;m. Dnipro Pr-t. Bogdana Hmelnickogo bud.140g, kv. 40
м. Дніпро Пр-т. Богдана Хмельницького буд.140г, кв. 41;m. Dnipro Pr-t. Bogdana Hmelnickogo bud.140g, kv. 41
м. Дніпро Пр-т. Богдана Хмельницького буд.140г, кв. 42;m. Dnipro Pr-t. Bogdana Hmelnickogo bud.140g, kv. 42
м. Дніпро Пр-т. Богдана Хмельницького буд.140г, кв. 43;m. Dnipro Pr-t. Bogdana Hmelnickogo bud.140g, kv. 43
м. Дніпро Пр-т. Богдана Хмельницького буд.140г, кв. 44;m. Dnipro Pr-t. Bogdana Hmelnickogo bud.140g, kv. 44
м. Дніпро Пр-т. Богдана Хмельницького буд.140г, кв. 45;m. Dnipro Pr-t. Bogdana Hmelnickogo bud.140g, kv. 45
м. Дніпро Пр-т. Богдана Хмельницького буд.140г, кв. 46;m. Dnipro Pr-t. Bogdana Hmelnickogo bud.140g, kv. 46
м. Дніпро Пр-т. Богдана Хмельницького буд.140г, кв. 47;m. Dnipro Pr-t. Bogdana Hmelnickogo bud.140g, kv. 47
м. Дніпро Пр-т. Богдана Хмельницького буд.140г, кв. 48;m. Dnipro Pr-t. Bogdana Hmelnickogo bud.140g, kv. 48
м. Дніпро Пр-т. Богдана Хмельницького буд.140г, кв. 49;m. Dnipro Pr-t. Bogdana Hmelnickogo bud.140g, kv. 49
м. Дніпро Пр-т. Богдана Хмельницького буд.140Г, кв. 5;m. Dnipro Pr-t. Bogdana Hmelnickogo bud.140G, kv. 5
м. Дніпро Пр-т. Богдана Хмельницького буд.140г, кв. 50;m. Dnipro Pr-t. Bogdana Hmelnickogo bud.140g, kv. 50
м. Дніпро Пр-т. Богдана Хмельницького буд.140г, кв. 51;m. Dnipro Pr-t. Bogdana Hmelnickogo bud.140g, kv. 51
м. Дніпро Пр-т. Богдана Хмельницького буд.140г, кв. 52;m. Dnipro Pr-t. Bogdana Hmelnickogo bud.140g, kv. 52
м. Дніпро Пр-т. Богдана Хмельницького буд.140г, кв. 53;m. Dnipro Pr-t. Bogdana Hmelnickogo bud.140g, kv. 53
м. Дніпро Пр-т. Богдана Хмельницького буд.140г, кв. 54;m. Dnipro Pr-t. Bogdana Hmelnickogo bud.140g, kv. 54
м. Дніпро Пр-т. Богдана Хмельницького буд.140г, кв. 55;m. Dnipro Pr-t. Bogdana Hmelnickogo bud.140g, kv. 55
м. Дніпро Пр-т. Богдана Хмельницького буд.140г, кв. 56;m. Dnipro Pr-t. Bogdana Hmelnickogo bud.140g, kv. 56
м. Дніпро Пр-т. Богдана Хмельницького буд.140г, кв. 57;m. Dnipro Pr-t. Bogdana Hmelnickogo bud.140g, kv. 57
м. Дніпро Пр-т. Богдана Хмельницького буд.140г, кв. 58;m. Dnipro Pr-t. Bogdana Hmelnickogo bud.140g, kv. 58
м. Дніпро Пр-т. Богдана Хмельницького буд.140г, кв. 59;m. Dnipro Pr-t. Bogdana Hmelnickogo bud.140g, kv. 59
м. Дніпро Пр-т. Богдана Хмельницького буд.140Г, кв. 6;m. Dnipro Pr-t. Bogdana Hmelnickogo bud.140G, kv. 6
м. Дніпро Пр-т. Богдана Хмельницького буд.140г, кв. 60;m. Dnipro Pr-t. Bogdana Hmelnickogo bud.140g, kv. 60
м. Дніпро Пр-т. Богдана Хмельницького буд.140г, кв. 61;m. Dnipro Pr-t. Bogdana Hmelnickogo bud.140g, kv. 61
м. Дніпро Пр-т. Богдана Хмельницького буд.140г, кв. 62;m. Dnipro Pr-t. Bogdana Hmelnickogo bud.140g, kv. 62
м. Дніпро Пр-т. Богдана Хмельницького буд.140г, кв. 63;m. Dnipro Pr-t. Bogdana Hmelnickogo bud.140g, kv. 63
м. Дніпро Пр-т. Богдана Хмельницького буд.140г, кв. 64;m. Dnipro Pr-t. Bogdana Hmelnickogo bud.140g, kv. 64
м. Дніпро Пр-т. Богдана Хмельницького буд.140г, кв. 65;m. Dnipro Pr-t. Bogdana Hmelnickogo bud.140g, kv. 65
м. Дніпро Пр-т. Богдана Хмельницького буд.140г, кв. 66;m. Dnipro Pr-t. Bogdana Hmelnickogo bud.140g, kv. 66
м. Дніпро Пр-т. Богдана Хмельницького буд.140г, кв. 67;m. Dnipro Pr-t. Bogdana Hmelnickogo bud.140g, kv. 67
м. Дніпро Пр-т. Богдана Хмельницького буд.140г, кв. 68;m. Dnipro Pr-t. Bogdana Hmelnickogo bud.140g, kv. 68
м. Дніпро Пр-т. Богдана Хмельницького буд.140г, кв. 69;m. Dnipro Pr-t. Bogdana Hmelnickogo bud.140g, kv. 69
м. Дніпро Пр-т. Богдана Хмельницького буд.140Г, кв. 7;m. Dnipro Pr-t. Bogdana Hmelnickogo bud.140G, kv. 7
м. Дніпро Пр-т. Богдана Хмельницького буд.140г, кв. 70;m. Dnipro Pr-t. Bogdana Hmelnickogo bud.140g, kv. 70
м. Дніпро Пр-т. Богдана Хмельницького буд.140г, кв. 71;m. Dnipro Pr-t. Bogdana Hmelnickogo bud.140g, kv. 71
м. Дніпро Пр-т. Богдана Хмельницького буд.140г, кв. 72;m. Dnipro Pr-t. Bogdana Hmelnickogo bud.140g, kv. 72
м. Дніпро Пр-т. Богдана Хмельницького буд.140г, кв. 73;m. Dnipro Pr-t. Bogdana Hmelnickogo bud.140g, kv. 73
м. Дніпро Пр-т. Богдана Хмельницького буд.140г, кв. 74;m. Dnipro Pr-t. Bogdana Hmelnickogo bud.140g, kv. 74
м. Дніпро Пр-т. Богдана Хмельницького буд.140г, кв. 75;m. Dnipro Pr-t. Bogdana Hmelnickogo bud.140g, kv. 75
м. Дніпро Пр-т. Богдана Хмельницького буд.140г, кв. 76;m. Dnipro Pr-t. Bogdana Hmelnickogo bud.140g, kv. 76
м. Дніпро Пр-т. Богдана Хмельницького буд.140г, кв. 77;m. Dnipro Pr-t. Bogdana Hmelnickogo bud.140g, kv. 77
м. Дніпро Пр-т. Богдана Хмельницького буд.140г, кв. 78;m. Dnipro Pr-t. Bogdana Hmelnickogo bud.140g, kv. 78
м. Дніпро Пр-т. Богдана Хмельницького буд.140г, кв. 79;m. Dnipro Pr-t. Bogdana Hmelnickogo bud.140g, kv. 79
м. Дніпро Пр-т. Богдана Хмельницького буд.140Г, кв. 8;m. Dnipro Pr-t. Bogdana Hmelnickogo bud.140G, kv. 8
м. Дніпро Пр-т. Богдана Хмельницького буд.140г, кв. 80;m. Dnipro Pr-t. Bogdana Hmelnickogo bud.140g, kv. 80
м. Дніпро Пр-т. Богдана Хмельницького буд.140г, кв. 81;m. Dnipro Pr-t. Bogdana Hmelnickogo bud.140g, kv. 81
м. Дніпро Пр-т. Богдана Хмельницького буд.140г, кв. 82;m. Dnipro Pr-t. Bogdana Hmelnickogo bud.140g, kv. 82
м. Дніпро Пр-т. Богдана Хмельницького буд.140г, кв. 83;m. Dnipro Pr-t. Bogdana Hmelnickogo bud.140g, kv. 83
м. Дніпро Пр-т. Богдана Хмельницького буд.140г, кв. 84;m. Dnipro Pr-t. Bogdana Hmelnickogo bud.140g, kv. 84
м. Дніпро Пр-т. Богдана Хмельницького буд.140г, кв. 85;m. Dnipro Pr-t. Bogdana Hmelnickogo bud.140g, kv. 85
м. Дніпро Пр-т. Богдана Хмельницького буд.140г, кв. 86;m. Dnipro Pr-t. Bogdana Hmelnickogo bud.140g, kv. 86
м. Дніпро Пр-т. Богдана Хмельницького буд.140г, кв. 87;m. Dnipro Pr-t. Bogdana Hmelnickogo bud.140g, kv. 87
м. Дніпро Пр-т. Богдана Хмельницького буд.140г, кв. 88;m. Dnipro Pr-t. Bogdana Hmelnickogo bud.140g, kv. 88
м. Дніпро Пр-т. Богдана Хмельницького буд.140г, кв. 89;m. Dnipro Pr-t. Bogdana Hmelnickogo bud.140g, kv. 89
м. Дніпро Пр-т. Богдана Хмельницького буд.140Г, кв. 9;m. Dnipro Pr-t. Bogdana Hmelnickogo bud.140G, kv. 9
м. Дніпро Пр-т. Богдана Хмельницького буд.140г, кв. 90;m. Dnipro Pr-t. Bogdana Hmelnickogo bud.140g, kv. 90
м. Дніпро Пр-т. Богдана Хмельницького буд.140г, кв. 91;m. Dnipro Pr-t. Bogdana Hmelnickogo bud.140g, kv. 91
м. Дніпро Пр-т. Богдана Хмельницького буд.140г, кв. 92;m. Dnipro Pr-t. Bogdana Hmelnickogo bud.140g, kv. 92
м. Дніпро Пр-т. Богдана Хмельницького буд.140г, кв. 93;m. Dnipro Pr-t. Bogdana Hmelnickogo bud.140g, kv. 93
м. Дніпро Пр-т. Богдана Хмельницького буд.140г, кв. 94;m. Dnipro Pr-t. Bogdana Hmelnickogo bud.140g, kv. 94
м. Дніпро Пр-т. Богдана Хмельницького буд.140г, кв. 95;m. Dnipro Pr-t. Bogdana Hmelnickogo bud.140g, kv. 95
м. Дніпро Пр-т. Богдана Хмельницького буд.140г, кв. 96;m. Dnipro Pr-t. Bogdana Hmelnickogo bud.140g, kv. 96
м. Дніпро Пр-т. Богдана Хмельницького буд.140г, кв. 97;m. Dnipro Pr-t. Bogdana Hmelnickogo bud.140g, kv. 97
м. Дніпро Пр-т. Богдана Хмельницького буд.140г, кв. 98;m. Dnipro Pr-t. Bogdana Hmelnickogo bud.140g, kv. 98
м. Дніпро Пр-т. Богдана Хмельницького буд.140г, кв. 99;m. Dnipro Pr-t. Bogdana Hmelnickogo bud.140g, kv. 99
м. Дніпро Пр-т. Олександра Поля буд.84 корп.г;m. Dnipro Pr-t. Oleksandra Polya bud.84 korp.g
м. Підгородне вул. Заводська буд.25, кв. 5/А;m. Pidgorodne vul. Zavodska bud.25, kv. 5/A
м. Підгородне вул. Заводська буд.25, кв. 5/Б;m. Pidgorodne vul. Zavodska bud.25, kv. 5/B
м. Підгородне вул. Прибережна буд.2/А;m. Pidgorodne vul. Priberejna bud.2/A
м. Підгородне вул. Прибережна буд.4А;m. Pidgorodne vul. Priberejna bud.4A
м. Підгородне вул. Садове товариство буд.131;m. Pidgorodne vul. Sadove tovaristvo bud.131
м. Підгородне вул. Садове товариство буд.224;m. Pidgorodne vul. Sadove tovaristvo bud.224
м. Підгородне вул. Садове товариство буд.303;m. Pidgorodne vul. Sadove tovaristvo bud.303
м. Підгородне вул. Садове товариство буд.305;m. Pidgorodne vul. Sadove tovaristvo bud.305
м. Підгородне вул. Садове товариство буд.344;m. Pidgorodne vul. Sadove tovaristvo bud.344
м. Підгородне вул. Садове товариство буд.351;m. Pidgorodne vul. Sadove tovaristvo bud.351
м. Підгородне вул. с-т Ізумруд буд.19;m. Pidgorodne vul. s-t Izumrud bud.19
м. Підгородне вул. с-т Ізумруд буд.21;m. Pidgorodne vul. s-t Izumrud bud.21
м. Підгородне вул. с-т Ізумруд буд.234;m. Pidgorodne vul. s-t Izumrud bud.234
м. Підгородне вул. с-т Ізумруд буд.239;m. Pidgorodne vul. s-t Izumrud bud.239
м. Підгородне вул. с-т Ізумруд буд.269;m. Pidgorodne vul. s-t Izumrud bud.269
м. Підгородне вул. с-т Ізумруд буд.290;m. Pidgorodne vul. s-t Izumrud bud.290
м. Підгородне вул. с-т Ізумруд буд.4Б;m. Pidgorodne vul. s-t Izumrud bud.4B
м. Підгородне вул. с-т Ізумруд буд.505;m. Pidgorodne vul. s-t Izumrud bud.505
м. Підгородне вул. с-т Ізумруд буд.853;m. Pidgorodne vul. s-t Izumrud bud.853
м. Підгородне вул. с-т Колос буд.11;m. Pidgorodne vul. s-t Kolos bud.11
м. Підгородне вул. с-т Колос буд.207;m. Pidgorodne vul. s-t Kolos bud.207
м. Підгородне вул. с-т Орільська Галявина буд.56;m. Pidgorodne vul. s-t Orilska Galyavina bud.56
м. Підгородне вул. с-т Орільська Галявина буд.80/80А;m. Pidgorodne vul. s-t Orilska Galyavina bud.80/80A
м. Підгородне вул. с-т Орільська Галявина буд.82;m. Pidgorodne vul. s-t Orilska Galyavina bud.82
м. Підгородне вул. Центральна буд.2;m. Pidgorodne vul. Centralna bud.2
м. Підгородне вул. Центральна буд.3, кв. 59;m. Pidgorodne vul. Centralna bud.3, kv. 59
м. Підгородне вул. Центральна буд.3, кв. 88;m. Pidgorodne vul. Centralna bud.3, kv. 88
м. Підгородне вул. Центральна буд.3, кв. 91;m. Pidgorodne vul. Centralna bud.3, kv. 91
м. Підгородне вул. Центральна буд.4;m. Pidgorodne vul. Centralna bud.4
м. Підгородне вул. Центральна буд.4, кв. 100;m. Pidgorodne vul. Centralna bud.4, kv. 100
м. Підгородне вул. Центральна буд.4, кв. 101;m. Pidgorodne vul. Centralna bud.4, kv. 101
м. Підгородне вул. Центральна буд.4, кв. 102;m. Pidgorodne vul. Centralna bud.4, kv. 102
м. Підгородне вул. Центральна буд.4, кв. 132;m. Pidgorodne vul. Centralna bud.4, kv. 132
м. Підгородне вул. Центральна буд.4, кв. 145;m. Pidgorodne vul. Centralna bud.4, kv. 145
м. Підгородне вул. Центральна буд.4, кв. 152;m. Pidgorodne vul. Centralna bud.4, kv. 152
м. Підгородне вул. Центральна буд.4, кв. 154;m. Pidgorodne vul. Centralna bud.4, kv. 154
м. Підгородне вул. Центральна буд.4, кв. 94;m. Pidgorodne vul. Centralna bud.4, kv. 94
м. Підгородне вул. Центральна буд.4, кв. 95;m. Pidgorodne vul. Centralna bud.4, kv. 95
м. Підгородне вул. Центральна буд.5, кв. 25;m. Pidgorodne vul. Centralna bud.5, kv. 25
м. Підгородне вул. Центральна буд.6;m. Pidgorodne vul. Centralna bud.6
м. Підгородне вул. Центральна буд.6, кв. 56;m. Pidgorodne vul. Centralna bud.6, kv. 56
м. Підгородне вул. Шкільна буд.53А;m. Pidgorodne vul. Shkilna bud.53A
смт. Обухівка вул. Некрасова буд.58А;smt. Obuhivka vul. Nekrasova bud.58A
смт. Обухівка вул. Некрасова буд.71;smt. Obuhivka vul. Nekrasova bud.71
смт. Обухівка вул. Некрасова буд.85;smt. Obuhivka vul. Nekrasova bud.85
смт. Обухівка вул. Некрасова буд.97;smt. Obuhivka vul. Nekrasova bud.97
с. Партизанське вул. Центральна буд.1, кв. 1;s. Partizanske vul. Centralna bud.1, kv. 1
с. Партизанське вул. Центральна буд.1, кв. 103;s. Partizanske vul. Centralna bud.1, kv. 103
с. Партизанське вул. Центральна буд.1, кв. 109;s. Partizanske vul. Centralna bud.1, kv. 109
с. Партизанське вул. Центральна буд.1, кв. 11;s. Partizanske vul. Centralna bud.1, kv. 11
с. Партизанське вул. Центральна буд.1, кв. 110;s. Partizanske vul. Centralna bud.1, kv. 110
с. Партизанське вул. Центральна буд.1, кв. 111;s. Partizanske vul. Centralna bud.1, kv. 111
с. Партизанське вул. Центральна буд.1, кв. 112;s. Partizanske vul. Centralna bud.1, kv. 112
с. Партизанське вул. Центральна буд.1, кв. 114;s. Partizanske vul. Centralna bud.1, kv. 114
с. Партизанське вул. Центральна буд.1, кв. 116;s. Partizanske vul. Centralna bud.1, kv. 116
с. Партизанське вул. Центральна буд.1, кв. 117;s. Partizanske vul. Centralna bud.1, kv. 117
с. Партизанське вул. Центральна буд.1, кв. 118;s. Partizanske vul. Centralna bud.1, kv. 118
с. Партизанське вул. Центральна буд.1, кв. 120;s. Partizanske vul. Centralna bud.1, kv. 120
с. Партизанське вул. Центральна буд.1, кв. 121;s. Partizanske vul. Centralna bud.1, kv. 121
с. Партизанське вул. Центральна буд.1, кв. 122;s. Partizanske vul. Centralna bud.1, kv. 122
с. Партизанське вул. Центральна буд.1, кв. 123;s. Partizanske vul. Centralna bud.1, kv. 123
с. Партизанське вул. Центральна буд.1, кв. 125;s. Partizanske vul. Centralna bud.1, kv. 125
с. Партизанське вул. Центральна буд.1, кв. 126;s. Partizanske vul. Centralna bud.1, kv. 126
с. Партизанське вул. Центральна буд.1, кв. 130;s. Partizanske vul. Centralna bud.1, kv. 130
с. Партизанське вул. Центральна буд.1, кв. 131;s. Partizanske vul. Centralna bud.1, kv. 131
с. Партизанське вул. Центральна буд.1, кв. 132;s. Partizanske vul. Centralna bud.1, kv. 132
с. Партизанське вул. Центральна буд.1, кв. 133;s. Partizanske vul. Centralna bud.1, kv. 133
с. Партизанське вул. Центральна буд.1, кв. 134;s. Partizanske vul. Centralna bud.1, kv. 134
с. Партизанське вул. Центральна буд.1, кв. 139;s. Partizanske vul. Centralna bud.1, kv. 139
с. Партизанське вул. Центральна буд.1, кв. 142;s. Partizanske vul. Centralna bud.1, kv. 142
с. Партизанське вул. Центральна буд.1, кв. 143;s. Partizanske vul. Centralna bud.1, kv. 143
с. Партизанське вул. Центральна буд.1, кв. 17;s. Partizanske vul. Centralna bud.1, kv. 17
с. Партизанське вул. Центральна буд.1, кв. 19;s. Partizanske vul. Centralna bud.1, kv. 19
с. Партизанське вул. Центральна буд.1, кв. 20;s. Partizanske vul. Centralna bud.1, kv. 20
с. Партизанське вул. Центральна буд.1, кв. 201;s. Partizanske vul. Centralna bud.1, kv. 201
с. Партизанське вул. Центральна буд.1, кв. 21;s. Partizanske vul. Centralna bud.1, kv. 21
с. Партизанське вул. Центральна буд.1, кв. 23;s. Partizanske vul. Centralna bud.1, kv. 23
с. Партизанське вул. Центральна буд.1, кв. 29;s. Partizanske vul. Centralna bud.1, kv. 29
с. Партизанське вул. Центральна буд.1, кв. 3;s. Partizanske vul. Centralna bud.1, kv. 3
с. Партизанське вул. Центральна буд.1, кв. 30;s. Partizanske vul. Centralna bud.1, kv. 30
с. Партизанське вул. Центральна буд.1, кв. 33;s. Partizanske vul. Centralna bud.1, kv. 33
с. Партизанське вул. Центральна буд.1, кв. 37;s. Partizanske vul. Centralna bud.1, kv. 37
с. Партизанське вул. Центральна буд.1, кв. 38;s. Partizanske vul. Centralna bud.1, kv. 38
с. Партизанське вул. Центральна буд.1, кв. 4;s. Partizanske vul. Centralna bud.1, kv. 4
с. Партизанське вул. Центральна буд.1, кв. 47;s. Partizanske vul. Centralna bud.1, kv. 47
с. Партизанське вул. Центральна буд.1, кв. 48;s. Partizanske vul. Centralna bud.1, kv. 48
с. Партизанське вул. Центральна буд.1, кв. 49;s. Partizanske vul. Centralna bud.1, kv. 49
с. Партизанське вул. Центральна буд.1, кв. 5;s. Partizanske vul. Centralna bud.1, kv. 5
с. Партизанське вул. Центральна буд.1, кв. 51;s. Partizanske vul. Centralna bud.1, kv. 51
с. Партизанське вул. Центральна буд.1, кв. 52;s. Partizanske vul. Centralna bud.1, kv. 52
с. Партизанське вул. Центральна буд.1, кв. 53;s. Partizanske vul. Centralna bud.1, kv. 53
с. Партизанське вул. Центральна буд.1, кв. 54;s. Partizanske vul. Centralna bud.1, kv. 54
с. Партизанське вул. Центральна буд.1, кв. 56;s. Partizanske vul. Centralna bud.1, kv. 56
с. Партизанське вул. Центральна буд.1, кв. 57;s. Partizanske vul. Centralna bud.1, kv. 57
с. Партизанське вул. Центральна буд.1, кв. 58;s. Partizanske vul. Centralna bud.1, kv. 58
с. Партизанське вул. Центральна буд.1, кв. 60;s. Partizanske vul. Centralna bud.1, kv. 60
с. Партизанське вул. Центральна буд.1, кв. 61;s. Partizanske vul. Centralna bud.1, kv. 61
с. Партизанське вул. Центральна буд.1, кв. 62;s. Partizanske vul. Centralna bud.1, kv. 62
с. Партизанське вул. Центральна буд.1, кв. 63;s. Partizanske vul. Centralna bud.1, kv. 63
с. Партизанське вул. Центральна буд.1, кв. 65;s. Partizanske vul. Centralna bud.1, kv. 65
с. Партизанське вул. Центральна буд.1, кв. 67;s. Partizanske vul. Centralna bud.1, kv. 67
с. Партизанське вул. Центральна буд.1, кв. 69;s. Partizanske vul. Centralna bud.1, kv. 69
с. Партизанське вул. Центральна буд.1, кв. 7;s. Partizanske vul. Centralna bud.1, kv. 7
с. Партизанське вул. Центральна буд.1, кв. 82;s. Partizanske vul. Centralna bud.1, kv. 82
с. Партизанське вул. Центральна буд.1, кв. 88;s. Partizanske vul. Centralna bud.1, kv. 88
с. Партизанське вул. Центральна буд.1, кв. 9;s. Partizanske vul. Centralna bud.1, kv. 9
с. Партизанське вул. Центральна буд.1, кв. 90;s. Partizanske vul. Centralna bud.1, kv. 90
с. Партизанське вул. Центральна буд.1, кв. 97;s. Partizanske vul. Centralna bud.1, kv. 97
с. Партизанське вул. Центральна буд.1, кв. 98;s. Partizanske vul. Centralna bud.1, kv. 98
с. Партизанське вул. Центральна буд.1 корп.55;s. Partizanske vul. Centralna bud.1 korp.55
с. Партизанське вул. Центральна буд.2, кв. 10;s. Partizanske vul. Centralna bud.2, kv. 10
с. Партизанське вул. Центральна буд.2, кв. 102;s. Partizanske vul. Centralna bud.2, kv. 102
с. Партизанське вул. Центральна буд.2, кв. 11;s. Partizanske vul. Centralna bud.2, kv. 11
с. Партизанське вул. Центральна буд.2, кв. 113;s. Partizanske vul. Centralna bud.2, kv. 113
с. Партизанське вул. Центральна буд.2, кв. 115;s. Partizanske vul. Centralna bud.2, kv. 115
с. Партизанське вул. Центральна буд.2, кв. 116;s. Partizanske vul. Centralna bud.2, kv. 116
с. Партизанське вул. Центральна буд.2, кв. 117;s. Partizanske vul. Centralna bud.2, kv. 117
с. Партизанське вул. Центральна буд.2, кв. 119;s. Partizanske vul. Centralna bud.2, kv. 119
с. Партизанське вул. Центральна буд.2, кв. 15;s. Partizanske vul. Centralna bud.2, kv. 15
с. Партизанське вул. Центральна буд.2, кв. 16;s. Partizanske vul. Centralna bud.2, kv. 16
с. Партизанське вул. Центральна буд.2, кв. 17;s. Partizanske vul. Centralna bud.2, kv. 17
с. Партизанське вул. Центральна буд.2, кв. 19;s. Partizanske vul. Centralna bud.2, kv. 19
с. Партизанське вул. Центральна буд.2, кв. 20;s. Partizanske vul. Centralna bud.2, kv. 20
с. Партизанське вул. Центральна буд.2, кв. 23;s. Partizanske vul. Centralna bud.2, kv. 23
с. Партизанське вул. Центральна буд.2, кв. 26;s. Partizanske vul. Centralna bud.2, kv. 26
с. Партизанське вул. Центральна буд.2, кв. 26;s. Partizanske vul. Centralna bud.2, kv. 26
с. Партизанське вул. Центральна буд.2, кв. 28;s. Partizanske vul. Centralna bud.2, kv. 28
с. Партизанське вул. Центральна буд.2, кв. 289;s. Partizanske vul. Centralna bud.2, kv. 289
с. Партизанське вул. Центральна буд.2, кв. 29;s. Partizanske vul. Centralna bud.2, kv. 29
с. Партизанське вул. Центральна буд.2, кв. 3;s. Partizanske vul. Centralna bud.2, kv. 3
с. Партизанське вул. Центральна буд.2, кв. 31;s. Partizanske vul. Centralna bud.2, kv. 31
с. Партизанське вул. Центральна буд.2, кв. 33;s. Partizanske vul. Centralna bud.2, kv. 33
с. Партизанське вул. Центральна буд.2, кв. 36;s. Partizanske vul. Centralna bud.2, kv. 36
с. Партизанське вул. Центральна буд.2, кв. 38;s. Partizanske vul. Centralna bud.2, kv. 38
с. Партизанське вул. Центральна буд.2, кв. 4;s. Partizanske vul. Centralna bud.2, kv. 4
с. Партизанське вул. Центральна буд.2, кв. 40;s. Partizanske vul. Centralna bud.2, kv. 40
с. Партизанське вул. Центральна буд.2, кв. 43;s. Partizanske vul. Centralna bud.2, kv. 43
с. Партизанське вул. Центральна буд.2, кв. 45;s. Partizanske vul. Centralna bud.2, kv. 45
с. Партизанське вул. Центральна буд.2, кв. 47;s. Partizanske vul. Centralna bud.2, kv. 47
с. Партизанське вул. Центральна буд.2, кв. 48;s. Partizanske vul. Centralna bud.2, kv. 48
с. Партизанське вул. Центральна буд.2, кв. 49;s. Partizanske vul. Centralna bud.2, kv. 49
с. Партизанське вул. Центральна буд.2, кв. 50;s. Partizanske vul. Centralna bud.2, kv. 50
с. Партизанське вул. Центральна буд.2, кв. 51;s. Partizanske vul. Centralna bud.2, kv. 51
с. Партизанське вул. Центральна буд.2, кв. 55;s. Partizanske vul. Centralna bud.2, kv. 55
с. Партизанське вул. Центральна буд.2, кв. 58;s. Partizanske vul. Centralna bud.2, kv. 58
с. Партизанське вул. Центральна буд.2, кв. 61;s. Partizanske vul. Centralna bud.2, kv. 61
с. Партизанське вул. Центральна буд.2, кв. 62;s. Partizanske vul. Centralna bud.2, kv. 62
с. Партизанське вул. Центральна буд.2, кв. 63;s. Partizanske vul. Centralna bud.2, kv. 63
с. Партизанське вул. Центральна буд.2, кв. 65;s. Partizanske vul. Centralna bud.2, kv. 65
с. Партизанське вул. Центральна буд.2, кв. 68;s. Partizanske vul. Centralna bud.2, kv. 68
с. Партизанське вул. Центральна буд.2, кв. 71;s. Partizanske vul. Centralna bud.2, kv. 71
с. Партизанське вул. Центральна буд.2, кв. 73;s. Partizanske vul. Centralna bud.2, kv. 73
с. Партизанське вул. Центральна буд.2, кв. 75;s. Partizanske vul. Centralna bud.2, kv. 75
с. Партизанське вул. Центральна буд.2, кв. 77;s. Partizanske vul. Centralna bud.2, kv. 77
с. Партизанське вул. Центральна буд.2, кв. 82;s. Partizanske vul. Centralna bud.2, kv. 82
с. Партизанське вул. Центральна буд.2, кв. 84;s. Partizanske vul. Centralna bud.2, kv. 84
с. Партизанське вул. Центральна буд.2, кв. 85;s. Partizanske vul. Centralna bud.2, kv. 85
с. Партизанське вул. Центральна буд.2, кв. 86;s. Partizanske vul. Centralna bud.2, kv. 86
с. Партизанське вул. Центральна буд.2, кв. 87;s. Partizanske vul. Centralna bud.2, kv. 87
с. Партизанське вул. Центральна буд.2, кв. 89;s. Partizanske vul. Centralna bud.2, kv. 89
с. Партизанське вул. Центральна буд.2, кв. 9;s. Partizanske vul. Centralna bud.2, kv. 9
с. Партизанське вул. Центральна буд.3, кв. 10;s. Partizanske vul. Centralna bud.3, kv. 10
с. Партизанське вул. Центральна буд.3, кв. 104;s. Partizanske vul. Centralna bud.3, kv. 104
с. Партизанське вул. Центральна буд.3, кв. 105;s. Partizanske vul. Centralna bud.3, kv. 105
с. Партизанське вул. Центральна буд.3, кв. 106;s. Partizanske vul. Centralna bud.3, kv. 106
с. Партизанське вул. Центральна буд.3, кв. 107;s. Partizanske vul. Centralna bud.3, kv. 107
с. Партизанське вул. Центральна буд.3, кв. 109;s. Partizanske vul. Centralna bud.3, kv. 109
с. Партизанське вул. Центральна буд.3, кв. 11;s. Partizanske vul. Centralna bud.3, kv. 11
с. Партизанське вул. Центральна буд.3, кв. 13;s. Partizanske vul. Centralna bud.3, kv. 13
с. Партизанське вул. Центральна буд.3, кв. 16;s. Partizanske vul. Centralna bud.3, kv. 16
с. Партизанське вул. Центральна буд.3, кв. 17;s. Partizanske vul. Centralna bud.3, kv. 17
с. Партизанське вул. Центральна буд.3, кв. 18;s. Partizanske vul. Centralna bud.3, kv. 18
с. Партизанське вул. Центральна буд.3, кв. 19;s. Partizanske vul. Centralna bud.3, kv. 19
с. Партизанське вул. Центральна буд.3, кв. 21;s. Partizanske vul. Centralna bud.3, kv. 21
с. Партизанське вул. Центральна буд.3, кв. 26;s. Partizanske vul. Centralna bud.3, kv. 26
с. Партизанське вул. Центральна буд.3, кв. 28;s. Partizanske vul. Centralna bud.3, kv. 28
с. Партизанське вул. Центральна буд.3, кв. 29;s. Partizanske vul. Centralna bud.3, kv. 29
с. Партизанське вул. Центральна буд.3, кв. 32;s. Partizanske vul. Centralna bud.3, kv. 32
с. Партизанське вул. Центральна буд.3, кв. 33;s. Partizanske vul. Centralna bud.3, kv. 33
с. Партизанське вул. Центральна буд.3, кв. 37;s. Partizanske vul. Centralna bud.3, kv. 37
с. Партизанське вул. Центральна буд.3, кв. 41;s. Partizanske vul. Centralna bud.3, kv. 41
с. Партизанське вул. Центральна буд.3, кв. 42;s. Partizanske vul. Centralna bud.3, kv. 42
с. Партизанське вул. Центральна буд.3, кв. 47;s. Partizanske vul. Centralna bud.3, kv. 47
с. Партизанське вул. Центральна буд.3, кв. 51;s. Partizanske vul. Centralna bud.3, kv. 51
с. Партизанське вул. Центральна буд.3, кв. 52;s. Partizanske vul. Centralna bud.3, kv. 52
с. Партизанське вул. Центральна буд.3, кв. 55;s. Partizanske vul. Centralna bud.3, kv. 55
с. Партизанське вул. Центральна буд.3, кв. 56;s. Partizanske vul. Centralna bud.3, kv. 56
с. Партизанське вул. Центральна буд.3, кв. 57;s. Partizanske vul. Centralna bud.3, kv. 57
с. Партизанське вул. Центральна буд.3, кв. 65;s. Partizanske vul. Centralna bud.3, kv. 65
с. Партизанське вул. Центральна буд.3, кв. 66;s. Partizanske vul. Centralna bud.3, kv. 66
с. Партизанське вул. Центральна буд.3, кв. 67;s. Partizanske vul. Centralna bud.3, kv. 67
с. Партизанське вул. Центральна буд.3, кв. 7;s. Partizanske vul. Centralna bud.3, kv. 7
с. Партизанське вул. Центральна буд.3, кв. 70;s. Partizanske vul. Centralna bud.3, kv. 70
с. Партизанське вул. Центральна буд.3, кв. 71;s. Partizanske vul. Centralna bud.3, kv. 71
с. Партизанське вул. Центральна буд.3, кв. 72;s. Partizanske vul. Centralna bud.3, kv. 72
с. Партизанське вул. Центральна буд.3, кв. 73;s. Partizanske vul. Centralna bud.3, kv. 73
с. Партизанське вул. Центральна буд.3, кв. 74;s. Partizanske vul. Centralna bud.3, kv. 74
с. Партизанське вул. Центральна буд.3, кв. 75;s. Partizanske vul. Centralna bud.3, kv. 75
с. Партизанське вул. Центральна буд.3, кв. 77;s. Partizanske vul. Centralna bud.3, kv. 77
с. Партизанське вул. Центральна буд.3, кв. 78;s. Partizanske vul. Centralna bud.3, kv. 78
с. Партизанське вул. Центральна буд.3, кв. 79;s. Partizanske vul. Centralna bud.3, kv. 79
с. Партизанське вул. Центральна буд.3, кв. 8;s. Partizanske vul. Centralna bud.3, kv. 8
с. Партизанське вул. Центральна буд.3, кв. 84;s. Partizanske vul. Centralna bud.3, kv. 84
с. Партизанське вул. Центральна буд.3, кв. 85;s. Partizanske vul. Centralna bud.3, kv. 85
с. Партизанське вул. Центральна буд.3, кв. 87;s. Partizanske vul. Centralna bud.3, kv. 87
с. Партизанське вул. Центральна буд.3, кв. 89;s. Partizanske vul. Centralna bud.3, kv. 89
с. Партизанське вул. Центральна буд.3, кв. 9;s. Partizanske vul. Centralna bud.3, kv. 9
с. Партизанське вул. Центральна буд.3, кв. 92;s. Partizanske vul. Centralna bud.3, kv. 92
с. Партизанське вул. Центральна буд.3, кв. 93;s. Partizanske vul. Centralna bud.3, kv. 93
с. Партизанське вул. Центральна буд.3, кв. 95;s. Partizanske vul. Centralna bud.3, kv. 95
с. Партизанське вул. Центральна буд.4/165;s. Partizanske vul. Centralna bud.4/165
с. Партизанське вул. Центральна буд.4/36;s. Partizanske vul. Centralna bud.4/36
с. Партизанське вул. Центральна буд.4/36;s. Partizanske vul. Centralna bud.4/36
с. Партизанське вул. Центральна буд.4, кв. 103;s. Partizanske vul. Centralna bud.4, kv. 103
с. Партизанське вул. Центральна буд.4, кв. 110;s. Partizanske vul. Centralna bud.4, kv. 110
с. Партизанське вул. Центральна буд.4, кв. 114;s. Partizanske vul. Centralna bud.4, kv. 114
с. Партизанське вул. Центральна буд.4, кв. 115;s. Partizanske vul. Centralna bud.4, kv. 115
с. Партизанське вул. Центральна буд.4, кв. 117;s. Partizanske vul. Centralna bud.4, kv. 117
с. Партизанське вул. Центральна буд.4, кв. 118;s. Partizanske vul. Centralna bud.4, kv. 118
с. Партизанське вул. Центральна буд.4, кв. 120;s. Partizanske vul. Centralna bud.4, kv. 120
с. Партизанське вул. Центральна буд.4, кв. 121;s. Partizanske vul. Centralna bud.4, kv. 121
с. Партизанське вул. Центральна буд.4, кв. 123;s. Partizanske vul. Centralna bud.4, kv. 123
с. Партизанське вул. Центральна буд.4, кв. 126;s. Partizanske vul. Centralna bud.4, kv. 126
с. Партизанське вул. Центральна буд.4, кв. 127;s. Partizanske vul. Centralna bud.4, kv. 127
с. Партизанське вул. Центральна буд.4, кв. 130;s. Partizanske vul. Centralna bud.4, kv. 130
с. Партизанське вул. Центральна буд.4, кв. 131;s. Partizanske vul. Centralna bud.4, kv. 131
с. Партизанське вул. Центральна буд.4, кв. 136;s. Partizanske vul. Centralna bud.4, kv. 136
с. Партизанське вул. Центральна буд.4, кв. 14;s. Partizanske vul. Centralna bud.4, kv. 14
с. Партизанське вул. Центральна буд.4, кв. 141;s. Partizanske vul. Centralna bud.4, kv. 141
с. Партизанське вул. Центральна буд.4, кв. 143;s. Partizanske vul. Centralna bud.4, kv. 143
с. Партизанське вул. Центральна буд.4, кв. 144;s. Partizanske vul. Centralna bud.4, kv. 144
с. Партизанське вул. Центральна буд.4, кв. 152;s. Partizanske vul. Centralna bud.4, kv. 152
с. Партизанське вул. Центральна буд.4, кв. 155;s. Partizanske vul. Centralna bud.4, kv. 155
с. Партизанське вул. Центральна буд.4, кв. 156;s. Partizanske vul. Centralna bud.4, kv. 156
с. Партизанське вул. Центральна буд.4, кв. 158;s. Partizanske vul. Centralna bud.4, kv. 158
с. Партизанське вул. Центральна буд.4, кв. 161;s. Partizanske vul. Centralna bud.4, kv. 161
с. Партизанське вул. Центральна буд.4, кв. 165;s. Partizanske vul. Centralna bud.4, kv. 165
с. Партизанське вул. Центральна буд.4, кв. 166;s. Partizanske vul. Centralna bud.4, kv. 166
с. Партизанське вул. Центральна буд.4, кв. 171;s. Partizanske vul. Centralna bud.4, kv. 171
с. Партизанське вул. Центральна буд.4, кв. 172;s. Partizanske vul. Centralna bud.4, kv. 172
с. Партизанське вул. Центральна буд.4, кв. 173;s. Partizanske vul. Centralna bud.4, kv. 173
с. Партизанське вул. Центральна буд.4, кв. 175;s. Partizanske vul. Centralna bud.4, kv. 175
с. Партизанське вул. Центральна буд.4, кв. 176;s. Partizanske vul. Centralna bud.4, kv. 176
с. Партизанське вул. Центральна буд.4, кв. 178;s. Partizanske vul. Centralna bud.4, kv. 178
с. Партизанське вул. Центральна буд.4, кв. 18;s. Partizanske vul. Centralna bud.4, kv. 18
с. Партизанське вул. Центральна буд.4, кв. 19;s. Partizanske vul. Centralna bud.4, kv. 19
с. Партизанське вул. Центральна буд.4, кв. 20;s. Partizanske vul. Centralna bud.4, kv. 20
с. Партизанське вул. Центральна буд.4, кв. 25;s. Partizanske vul. Centralna bud.4, kv. 25
с. Партизанське вул. Центральна буд.4, кв. 26;s. Partizanske vul. Centralna bud.4, kv. 26
с. Партизанське вул. Центральна буд.4, кв. 27;s. Partizanske vul. Centralna bud.4, kv. 27
с. Партизанське вул. Центральна буд.4, кв. 28;s. Partizanske vul. Centralna bud.4, kv. 28
с. Партизанське вул. Центральна буд.4, кв. 29;s. Partizanske vul. Centralna bud.4, kv. 29
с. Партизанське вул. Центральна буд.4, кв. 31;s. Partizanske vul. Centralna bud.4, kv. 31
с. Партизанське вул. Центральна буд.4, кв. 32;s. Partizanske vul. Centralna bud.4, kv. 32
с. Партизанське вул. Центральна буд.4, кв. 35;s. Partizanske vul. Centralna bud.4, kv. 35
с. Партизанське вул. Центральна буд.4, кв. 36;s. Partizanske vul. Centralna bud.4, kv. 36
с. Партизанське вул. Центральна буд.4, кв. 42;s. Partizanske vul. Centralna bud.4, kv. 42
с. Партизанське вул. Центральна буд.4, кв. 43;s. Partizanske vul. Centralna bud.4, kv. 43
с. Партизанське вул. Центральна буд.4, кв. 45;s. Partizanske vul. Centralna bud.4, kv. 45
с. Партизанське вул. Центральна буд.4, кв. 46;s. Partizanske vul. Centralna bud.4, kv. 46
с. Партизанське вул. Центральна буд.4, кв. 47;s. Partizanske vul. Centralna bud.4, kv. 47
с. Партизанське вул. Центральна буд.4, кв. 5;s. Partizanske vul. Centralna bud.4, kv. 5
с. Партизанське вул. Центральна буд.4, кв. 51;s. Partizanske vul. Centralna bud.4, kv. 51
с. Партизанське вул. Центральна буд.4, кв. 53;s. Partizanske vul. Centralna bud.4, kv. 53
с. Партизанське вул. Центральна буд.4, кв. 54;s. Partizanske vul. Centralna bud.4, kv. 54
с. Партизанське вул. Центральна буд.4, кв. 56;s. Partizanske vul. Centralna bud.4, kv. 56
с. Партизанське вул. Центральна буд.4, кв. 58;s. Partizanske vul. Centralna bud.4, kv. 58
с. Партизанське вул. Центральна буд.4, кв. 61;s. Partizanske vul. Centralna bud.4, kv. 61
с. Партизанське вул. Центральна буд.4, кв. 62;s. Partizanske vul. Centralna bud.4, kv. 62
с. Партизанське вул. Центральна буд.4, кв. 63;s. Partizanske vul. Centralna bud.4, kv. 63
с. Партизанське вул. Центральна буд.4, кв. 68;s. Partizanske vul. Centralna bud.4, kv. 68
с. Партизанське вул. Центральна буд.4, кв. 70;s. Partizanske vul. Centralna bud.4, kv. 70
с. Партизанське вул. Центральна буд.4, кв. 71;s. Partizanske vul. Centralna bud.4, kv. 71
с. Партизанське вул. Центральна буд.4, кв. 72;s. Partizanske vul. Centralna bud.4, kv. 72
с. Партизанське вул. Центральна буд.4, кв. 73;s. Partizanske vul. Centralna bud.4, kv. 73
с. Партизанське вул. Центральна буд.4, кв. 75;s. Partizanske vul. Centralna bud.4, kv. 75
с. Партизанське вул. Центральна буд.4, кв. 76;s. Partizanske vul. Centralna bud.4, kv. 76
с. Партизанське вул. Центральна буд.4, кв. 77;s. Partizanske vul. Centralna bud.4, kv. 77
с. Партизанське вул. Центральна буд.4, кв. 79;s. Partizanske vul. Centralna bud.4, kv. 79
с. Партизанське вул. Центральна буд.4, кв. 8;s. Partizanske vul. Centralna bud.4, kv. 8
с. Партизанське вул. Центральна буд.4, кв. 82;s. Partizanske vul. Centralna bud.4, kv. 82
с. Партизанське вул. Центральна буд.4, кв. 84;s. Partizanske vul. Centralna bud.4, kv. 84
с. Партизанське вул. Центральна буд.4, кв. 86;s. Partizanske vul. Centralna bud.4, kv. 86
с. Партизанське вул. Центральна буд.4, кв. 87;s. Partizanske vul. Centralna bud.4, kv. 87
с. Партизанське вул. Центральна буд.4, кв. 93;s. Partizanske vul. Centralna bud.4, kv. 93
с. Партизанське вул. Центральна буд.5, кв. 1;s. Partizanske vul. Centralna bud.5, kv. 1
с. Партизанське вул. Центральна буд.5, кв. 10;s. Partizanske vul. Centralna bud.5, kv. 10
с. Партизанське вул. Центральна буд.5, кв. 12;s. Partizanske vul. Centralna bud.5, kv. 12
с. Партизанське вул. Центральна буд.5, кв. 13;s. Partizanske vul. Centralna bud.5, kv. 13
с. Партизанське вул. Центральна буд.5, кв. 18;s. Partizanske vul. Centralna bud.5, kv. 18
с. Партизанське вул. Центральна буд.5, кв. 2;s. Partizanske vul. Centralna bud.5, kv. 2
с. Партизанське вул. Центральна буд.5, кв. 21;s. Partizanske vul. Centralna bud.5, kv. 21
с. Партизанське вул. Центральна буд.5, кв. 23;s. Partizanske vul. Centralna bud.5, kv. 23
с. Партизанське вул. Центральна буд.5, кв. 25;s. Partizanske vul. Centralna bud.5, kv. 25
с. Партизанське вул. Центральна буд.5, кв. 27;s. Partizanske vul. Centralna bud.5, kv. 27
с. Партизанське вул. Центральна буд.5, кв. 29;s. Partizanske vul. Centralna bud.5, kv. 29
с. Партизанське вул. Центральна буд.5, кв. 32;s. Partizanske vul. Centralna bud.5, kv. 32
с. Партизанське вул. Центральна буд.5, кв. 34;s. Partizanske vul. Centralna bud.5, kv. 34
с. Партизанське вул. Центральна буд.5, кв. 35;s. Partizanske vul. Centralna bud.5, kv. 35
с. Партизанське вул. Центральна буд.5, кв. 36;s. Partizanske vul. Centralna bud.5, kv. 36
с. Партизанське вул. Центральна буд.5, кв. 37;s. Partizanske vul. Centralna bud.5, kv. 37
с. Партизанське вул. Центральна буд.5, кв. 38;s. Partizanske vul. Centralna bud.5, kv. 38
с. Партизанське вул. Центральна буд.5, кв. 39;s. Partizanske vul. Centralna bud.5, kv. 39
с. Партизанське вул. Центральна буд.5, кв. 4;s. Partizanske vul. Centralna bud.5, kv. 4
с. Партизанське вул. Центральна буд.5, кв. 41;s. Partizanske vul. Centralna bud.5, kv. 41
с. Партизанське вул. Центральна буд.5, кв. 44;s. Partizanske vul. Centralna bud.5, kv. 44
с. Партизанське вул. Центральна буд.5, кв. 45;s. Partizanske vul. Centralna bud.5, kv. 45
с. Партизанське вул. Центральна буд.5, кв. 46;s. Partizanske vul. Centralna bud.5, kv. 46
с. Партизанське вул. Центральна буд.5, кв. 48;s. Partizanske vul. Centralna bud.5, kv. 48
с. Партизанське вул. Центральна буд.5, кв. 50;s. Partizanske vul. Centralna bud.5, kv. 50
с. Партизанське вул. Центральна буд.5, кв. 51;s. Partizanske vul. Centralna bud.5, kv. 51
с. Партизанське вул. Центральна буд.5, кв. 52;s. Partizanske vul. Centralna bud.5, kv. 52
с. Партизанське вул. Центральна буд.5, кв. 54;s. Partizanske vul. Centralna bud.5, kv. 54
с. Партизанське вул. Центральна буд.5, кв. 55;s. Partizanske vul. Centralna bud.5, kv. 55
с. Партизанське вул. Центральна буд.5, кв. 56;s. Partizanske vul. Centralna bud.5, kv. 56
с. Партизанське вул. Центральна буд.5, кв. 58;s. Partizanske vul. Centralna bud.5, kv. 58
с. Партизанське вул. Центральна буд.5, кв. 59;s. Partizanske vul. Centralna bud.5, kv. 59
с. Партизанське вул. Центральна буд.5, кв. 6;s. Partizanske vul. Centralna bud.5, kv. 6
с. Партизанське вул. Центральна буд.5, кв. 60;s. Partizanske vul. Centralna bud.5, kv. 60
с. Партизанське вул. Центральна буд.5, кв. 62;s. Partizanske vul. Centralna bud.5, kv. 62
с. Партизанське вул. Центральна буд.5, кв. 63;s. Partizanske vul. Centralna bud.5, kv. 63
с. Партизанське вул. Центральна буд.5, кв. 67;s. Partizanske vul. Centralna bud.5, kv. 67
с. Партизанське вул. Центральна буд.5, кв. 69;s. Partizanske vul. Centralna bud.5, kv. 69
с. Партизанське вул. Центральна буд.5, кв. 70;s. Partizanske vul. Centralna bud.5, kv. 70
с. Партизанське вул. Центральна буд.5, кв. 71;s. Partizanske vul. Centralna bud.5, kv. 71
с. Партизанське вул. Центральна буд.5, кв. 77;s. Partizanske vul. Centralna bud.5, kv. 77
с. Партизанське вул. Центральна буд.5, кв. 78;s. Partizanske vul. Centralna bud.5, kv. 78
с. Партизанське вул. Центральна буд.5, кв. 79;s. Partizanske vul. Centralna bud.5, kv. 79
с. Партизанське вул. Центральна буд.5, кв. 8;s. Partizanske vul. Centralna bud.5, kv. 8
с. Партизанське вул. Центральна буд.5, кв. 83;s. Partizanske vul. Centralna bud.5, kv. 83
с. Партизанське вул. Центральна буд.5, кв. 84;s. Partizanske vul. Centralna bud.5, kv. 84
с. Партизанське вул. Центральна буд.5, кв. 87;s. Partizanske vul. Centralna bud.5, kv. 87
с. Партизанське вул. Центральна буд.5, кв. 88;s. Partizanske vul. Centralna bud.5, kv. 88
с. Партизанське вул. Центральна буд.5, кв. 89;s. Partizanske vul. Centralna bud.5, kv. 89
с. Партизанське вул. Центральна буд.6, кв. 1;s. Partizanske vul. Centralna bud.6, kv. 1
с. Партизанське вул. Центральна буд.6, кв. 11;s. Partizanske vul. Centralna bud.6, kv. 11
с. Партизанське вул. Центральна буд.6, кв. 12;s. Partizanske vul. Centralna bud.6, kv. 12
с. Партизанське вул. Центральна буд.6, кв. 13;s. Partizanske vul. Centralna bud.6, kv. 13
с. Партизанське вул. Центральна буд.6, кв. 14;s. Partizanske vul. Centralna bud.6, kv. 14
с. Партизанське вул. Центральна буд.6, кв. 18;s. Partizanske vul. Centralna bud.6, kv. 18
с. Партизанське вул. Центральна буд.6, кв. 19;s. Partizanske vul. Centralna bud.6, kv. 19
с. Партизанське вул. Центральна буд.6, кв. 2;s. Partizanske vul. Centralna bud.6, kv. 2
с. Партизанське вул. Центральна буд.6, кв. 20;s. Partizanske vul. Centralna bud.6, kv. 20
с. Партизанське вул. Центральна буд.6, кв. 21;s. Partizanske vul. Centralna bud.6, kv. 21
с. Партизанське вул. Центральна буд.6, кв. 22;s. Partizanske vul. Centralna bud.6, kv. 22
с. Партизанське вул. Центральна буд.6, кв. 23;s. Partizanske vul. Centralna bud.6, kv. 23
с. Партизанське вул. Центральна буд.6, кв. 25;s. Partizanske vul. Centralna bud.6, kv. 25
с. Партизанське вул. Центральна буд.6, кв. 27;s. Partizanske vul. Centralna bud.6, kv. 27
с. Партизанське вул. Центральна буд.6, кв. 3;s. Partizanske vul. Centralna bud.6, kv. 3
с. Партизанське вул. Центральна буд.6, кв. 30;s. Partizanske vul. Centralna bud.6, kv. 30
с. Партизанське вул. Центральна буд.6, кв. 31;s. Partizanske vul. Centralna bud.6, kv. 31
с. Партизанське вул. Центральна буд.6, кв. 34;s. Partizanske vul. Centralna bud.6, kv. 34
с. Партизанське вул. Центральна буд.6, кв. 35;s. Partizanske vul. Centralna bud.6, kv. 35
с. Партизанське вул. Центральна буд.6, кв. 38;s. Partizanske vul. Centralna bud.6, kv. 38
с. Партизанське вул. Центральна буд.6, кв. 40;s. Partizanske vul. Centralna bud.6, kv. 40
с. Партизанське вул. Центральна буд.6, кв. 41;s. Partizanske vul. Centralna bud.6, kv. 41
с. Партизанське вул. Центральна буд.6, кв. 42;s. Partizanske vul. Centralna bud.6, kv. 42
с. Партизанське вул. Центральна буд.6, кв. 43;s. Partizanske vul. Centralna bud.6, kv. 43
с. Партизанське вул. Центральна буд.6, кв. 44;s. Partizanske vul. Centralna bud.6, kv. 44
с. Партизанське вул. Центральна буд.6, кв. 45;s. Partizanske vul. Centralna bud.6, kv. 45
с. Партизанське вул. Центральна буд.6, кв. 46;s. Partizanske vul. Centralna bud.6, kv. 46
с. Партизанське вул. Центральна буд.6, кв. 47;s. Partizanske vul. Centralna bud.6, kv. 47
с. Партизанське вул. Центральна буд.6, кв. 49;s. Partizanske vul. Centralna bud.6, kv. 49
с. Партизанське вул. Центральна буд.6, кв. 5;s. Partizanske vul. Centralna bud.6, kv. 5
с. Партизанське вул. Центральна буд.6, кв. 50;s. Partizanske vul. Centralna bud.6, kv. 50
с. Партизанське вул. Центральна буд.6, кв. 51;s. Partizanske vul. Centralna bud.6, kv. 51
с. Партизанське вул. Центральна буд.6, кв. 53;s. Partizanske vul. Centralna bud.6, kv. 53
с. Партизанське вул. Центральна буд.6, кв. 54;s. Partizanske vul. Centralna bud.6, kv. 54
с. Партизанське вул. Центральна буд.6, кв. 57;s. Partizanske vul. Centralna bud.6, kv. 57
с. Партизанське вул. Центральна буд.6, кв. 59;s. Partizanske vul. Centralna bud.6, kv. 59
с. Партизанське вул. Центральна буд.6, кв. 6;s. Partizanske vul. Centralna bud.6, kv. 6
с. Партизанське вул. Центральна буд.6, кв. 6;s. Partizanske vul. Centralna bud.6, kv. 6
с. Партизанське вул. Центральна буд.6, кв. 60;s. Partizanske vul. Centralna bud.6, kv. 60
с. Партизанське вул. Центральна буд.6, кв. 8;s. Partizanske vul. Centralna bud.6, kv. 8

