 1 ~ Технічний огляд  електрообладнання ТОВ "КОМОДО КОМПАНІ" (ЗТП-225 та КЛ-6кВ) ~~~~ 93,84 ~~~~ 2,83 ~~ 73,85 ~ 16,25 ~ 0,91 ~~ 44,91 ~ 32,71 ~ -   ~ -   ~ 0,37 ~ -   ~ 9,60 ~ 2,11 ~ 0,12 ~~~~~~~~~~~
 2 ~ Технічний обслуговування  електрообладнання  ТОВ "КОМОДО КОМПАНІ" (ЗТП-225 та КЛ-6кВ) ~~~~ 94,00 ~~~~ 2,99 ~~ 73,85 ~ 16,25 ~ 0,91 ~~ 44,91 ~ 32,71 ~ -   ~ -   ~ 0,37 ~ -   ~ 9,60 ~ 2,11 ~ 0,12 ~~~~~~~~~~~
 4 ~ Технічний огляд  електрообладнання  ТОВ БІК "Дафі" ( ЗТП-402, КЛ 10кВ) ~~~~ 94,00 ~~~~ 2,99 ~~ 73,85 ~ 16,25 ~ 0,91 ~~ 202,09 ~ 145,69 ~ -   ~ -   ~ 1,79 ~ -   ~ 44,31 ~ 9,75 ~ 0,55 ~~~~~~~~~~~
 5 ~ Технічний обслуговування  електрообладнання ТОВ БІК "Дафі" ( ЗТП-402, КЛ 10кВ) ~~~~ 94,00 ~~~~ 2,99 ~~ 73,85 ~ 16,25 ~ 0,91 ~~ 202,09 ~ 145,69 ~ -   ~ -   ~ 1,79 ~ -   ~ 44,31 ~ 9,75 ~ 0,55 ~~~~~~~~~~~
 7 ~ Технічний огляд  електрообладнання  ТОВ БІК "Дафі" ТОВ БІК "Дафі" (ЗТП-403, КЛ 10кВ) ~~~~ 93,65 ~~~~ 2,64 ~~ 73,85 ~ 16,25 ~ 0,91 ~~ 202,09 ~ 145,69 ~ -   ~ -   ~ 1,79 ~ -   ~ 44,31 ~ 9,75 ~ 0,55 ~~~~~~~~~~~
 8 ~ Технічний обслуговування  електрообладнання ТОВ БІК "Дафі" (ЗТП-403, КЛ 10кВ) ~~~~ 94,00 ~~~~ 2,99 ~~ 73,85 ~ 16,25 ~ 0,91 ~~ 202,09 ~ 145,69 ~ -   ~ -   ~ 1,79 ~ -   ~ 44,31 ~ 9,75 ~ 0,55 ~~~~~~~~~~~
 9 ~ Технічний огляд  електрообладнання ТОВ "Промкомплекс" (КТП-10(к), ТП-9(к) в РУ-6кВ яч.№4, №5 та КЛ 6кВ) ~~~~ 94,00 ~~~~ 2,99 ~~ 73,85 ~ 16,25 ~ 0,91 ~~ 149,69 ~ 108,33 ~ -   ~ -   ~ 1,32 ~ -   ~ 32,49 ~ 7,15 ~ 0,40 ~~~~~~~~~~~
 11 ~ Технічний обслуговування  електрообладнання ТОВ "Промкомплекс" (КТП-10(к), ТП-9(к) в РУ-6кВ яч.№4, №5 та КЛ 6кВ) ~~~~ 93,81 ~~~~ 2,80 ~~ 73,85 ~ 16,25 ~ 0,91 ~~ 149,69 ~ 108,33 ~ -   ~ -   ~ 1,32 ~ -   ~ 32,49 ~ 7,15 ~ 0,40 ~~~~~~~~~~~
 12 ~ Технічний огляд  електрообладнання  ТОВ "ВТФ"Екоресурс" (КТП-11, ПЛ 10кВ) ~~~~ 94,00 ~~~~ 2,99 ~~ 73,85 ~ 16,25 ~ 0,91 ~~ 449,08 ~ 324,06 ~ -   ~ -   ~ 3,98 ~ -   ~ 98,22 ~ 21,61 ~ 1,21 ~~~~~~~~~~~
 14 ~ Технічний обслуговування  електрообладнання ТОВ "ВТФ"Екоресурс" (КТП-11, ПЛ 10кВ) ~~~~ 94,00 ~~~~ 2,99 ~~ 73,85 ~ 16,25 ~ 0,91 ~~ 449,08 ~ 324,06 ~ -   ~ -   ~ 3,98 ~ -   ~ 98,22 ~ 21,61 ~ 1,21 ~~~~~~~~~~~
 15 ~ Технічний огляд  електрообладнання ТОВ ФК "Дніпро"(КТП-40, КЛ 6кВ) ~~~~ 93,44 ~~~~ 2,43 ~~ 73,85 ~ 16,25 ~ 0,91 ~~ 74,85 ~ 54,29 ~ -   ~ -   ~ 0,53 ~ -   ~ 16,25 ~ 3,58 ~ 0,20 ~~~~~~~~~~~
 16 ~ Технічний обслуговування  електрообладнання ТОВ ФК "Дніпро"(КТП-40, КЛ 6кВ) ~~~~ 93,91 ~~~~ 2,90 ~~ 73,85 ~ 16,25 ~ 0,91 ~~ 74,85 ~ 54,29 ~ -   ~ -   ~ 0,53 ~ -   ~ 16,25 ~ 3,58 ~ 0,20 ~~~~~~~~~~~
 18 ~ Технічний огляд  електрообладнання ТОВ "Поліпром"(ЗТП-2020, ЗТП-2622) ~~~~ 94,00 ~~~~ 2,99 ~~ 73,85 ~ 16,25 ~ 0,91 ~~ 284,42 ~ 205,46 ~ -   ~ -   ~ 2,51 ~ -   ~ 62,03 ~ 13,65 ~ 0,76 ~~~~~~~~~~~
 19 ~ Технічний обслуговування  електрообладнання ТОВ "Поліпром"(ЗТП-2020, ЗТП-2622) ~~~~ 94,00 ~~~~ 2,99 ~~ 73,85 ~ 16,25 ~ 0,91 ~~ 284,42 ~ 205,46 ~ -   ~ -   ~ 2,51 ~ -   ~ 62,03 ~ 13,65 ~ 0,76 ~~~~~~~~~~~
 21 ~ Технічний огляд  електрообладнання ТОВ "ДЗТО "УТЬОС"  (ЗТП - 337) ~~~~ 94,00 ~~~~ 2,99 ~~ 73,85 ~ 16,25 ~ 0,91 ~~ 74,85 ~ 54,17 ~ -   ~ -   ~ 0,66 ~ -   ~ 16,25 ~ 3,58 ~ 0,20 ~~~~~~~~~~~
 22 ~ Технічний обслуговування  електрообладнання ТОВ "ДЗТО "УТЬОС"  (ЗТП - 337) ~~~~ 94,00 ~~~~ 2,99 ~~ 73,85 ~ 16,25 ~ 0,91 ~~ 74,85 ~ 54,17 ~ -   ~ -   ~ 0,66 ~ -   ~ 16,25 ~ 3,58 ~ 0,20 ~~~~~~~~~~~
 23 ~ Технічний огляд  електрообладнання КП "САНСЕРВІС" КМР (ПС №3  ВВ-6 кВ ком. №26, КЛ 6кВ, КТП 1000/6/0,4 кВ) ~~~~ 98,45 ~~~~ 0,91 ~~ 77,35 ~ 17,02 ~ 3,17 ~~ 271,07 ~ 172,62 ~ -   ~ -   ~ 0,91 ~ -   ~ 77,35 ~ 17,02 ~ 3,17 ~~~~~~~~~~~
 25 ~ Технічний обслуговування  електрообладнання КП "САНСЕРВІС" КМР (ПС №3  ВВ-6 кВ ком. №26, КЛ 6кВ, КТП 1000/6/0,4 кВ) ~~~~ 98,20 ~~~~ 5,54 ~~ 74,53 ~ 16,40 ~ 1,73 ~~ 15,95 ~ 11,04 ~ -   ~ -   ~ 0,28 ~ -   ~ 3,73 ~ 0,82 ~ 0,09 ~~~~~~~~~~~
 26 ~ Технічний огляд  електрообладнання ТОВ "ВКП "Козацька Справа" КТП - 544 (ТМ-400/10/0,4) ~~~~ 96,92 ~~~~ 4,26 ~~ 74,53 ~ 16,40 ~ 1,73 ~~ 465,11 ~ 311,92 ~ -   ~ -   ~ 8,64 ~ -   ~ 116,27 ~ 25,58 ~ 2,70 ~~~~~~~~~~~
 28 ~ Технічний обслуговування  електрообладнання ТОВ "ВКП "Козацька Справа" КТП - 544 (ТМ-400/10/0,4) ~~~~ 98,20 ~~~~ 5,54 ~~ 74,53 ~ 16,40 ~ 1,73 ~~ 465,11 ~ 311,92 ~ -   ~ -   ~ 8,64 ~ -   ~ 116,27 ~ 25,58 ~ 2,70 ~~~~~~~~~~~
 29 ~ Технічний огляд  устаткування ПС  (1 ПС) ТОВ "Фрезія" (ПС 35/10 кВ та ПЛ 35кВ) ~~~~ 158,93 ~~~~ 1,35 ~~ 122,74 ~ 27,00 ~ 7,84 ~~ 333,08 ~ 191,63 ~ -   ~ -   ~ 1,20 ~ -   ~ 109,24 ~ 24,03 ~ 6,98 ~~~~~~~~~~~
 30 ~ Огляд ПЛ 35кВ  (10 км траси) ТОВ "Фрезія" (ПС 35/10 кВ та ПЛ 35кВ) ~~~~ 14,45 ~~~~ 0,12 ~~ 11,16 ~ 2,45 ~ 0,71 ~~ 30,19 ~ 17,33 ~ -   ~ -   ~ 0,11 ~ -   ~ 9,93 ~ 2,18 ~ 0,63 ~~~~~~~~~~~
 32 ~ Технічне обслуговування устаткування ПС  (1 ПС) ТОВ "Фрезія" (ПС 35/10 кВ та ПЛ 35кВ) ~~~~ 158,93 ~~~~ 1,35 ~~ 122,74 ~ 27,00 ~ 7,84 ~~ 333,08 ~ 191,63 ~ -   ~ -   ~ 1,20 ~ -   ~ 109,24 ~ 24,03 ~ 6,98 ~~~~~~~~~~~
 33 ~ Обслуговування ПЛ 35кВ  (1 опора) ТОВ "Фрезія" (ПС 35/10 кВ та ПЛ 35кВ) ~~~~ 61,84 ~~~~ 0,53 ~~ 47,76 ~ 10,51 ~ 3,05 ~~ 129,80 ~ 74,55 ~ -   ~ -   ~ 0,47 ~ -   ~ 42,67 ~ 9,39 ~ 2,73 ~~~~~~~~~~~
 35 ~ Технічний огляд  електрообладнання  КП ВЖРЕО (ТП-39, КЛ-0,4 кВ) ~~~~ 39,01 ~~~~ 0,13 ~~ 28,93 ~ 6,36 ~ 3,59 ~~ 11,74 ~ 4,33 ~ -   ~ -   ~ 0,02 ~ -   ~ 5,50 ~ 1,21 ~ 0,68 ~~~~~~~~~~~
 36 ~ Технічний обслуговування  електрообладнання КП ВЖРЕО (ТП-39, КЛ-0,4 кВ) ~~~~ 39,01 ~~~~ 0,13 ~~ 28,93 ~ 6,36 ~ 3,59 ~~ 11,74 ~ 4,33 ~ -   ~ -   ~ 0,02 ~ -   ~ 5,50 ~ 1,21 ~ 0,68 ~~~~~~~~~~~
 37 ~ Технічний огляд  електрообладнання  ДП "УкрНДПРІпромтехнології"( ТП-106) ~~~~ 109,62 ~~~~ 4,46 ~~ 76,40 ~ 16,81 ~ 11,95 ~~ 33,23 ~ 20,08 ~ -   ~ -   ~ 0,54 ~ -   ~ 9,17 ~ 2,02 ~ 1,43 ~~~~~~~~~~~
 39 ~ Технічний обслуговування  електрообладнання ДП "УкрНДПРІпромтехнології"( ТП-106) ~~~~ 109,62 ~~~~ 4,46 ~~ 76,40 ~ 16,81 ~ 11,95 ~~ 33,23 ~ 20,08 ~ -   ~ -   ~ 0,54 ~ -   ~ 9,17 ~ 2,02 ~ 1,43 ~~~~~~~~~~~
 40 ~ Технічний огляд  електрообладнання ТОВ "ТРУБОПЛАСТИКА ДНІПРО" (ГС-КТП- 630/10/0,4 (КТП-5087)) ~~~~ 93,43 ~~~~ 2,42 ~~ 73,85 ~ 16,25 ~ 0,91 ~~ 104,79 ~ 75,83 ~ -   ~ -   ~ 0,75 ~ -   ~ 22,89 ~ 5,04 ~ 0,28 ~~~~~~~~~~~
 42 ~ Технічний обслуговування  електрообладнання ТОВ "ТРУБОПЛАСТИКА ДНІПРО" (ГС-КТП- 630/10/0,4 (КТП-5087)) ~~~~ 94,00 ~~~~ 2,99 ~~ 73,85 ~ 16,25 ~ 0,91 ~~ 104,79 ~ 75,83 ~ -   ~ -   ~ 0,75 ~ -   ~ 22,89 ~ 5,04 ~ 0,28 ~~~~~~~~~~~
 43 ~ Технічний огляд  трансформатора силового ТМ-160/6/0,4  (1 трансформатор) ПП "Сайда" ~~~~ 98,20 ~~~~ 5,54 ~~ 74,53 ~ 16,40 ~ 1,73 ~~ 465,11 ~ 311,92 ~ -   ~ -   ~ 8,64 ~ -   ~ 116,27 ~ 25,58 ~ 2,70 ~~~~~~~~~~~
 44 ~ Технічний обслуговування  трансформатора силового ТМ-160/6/0,4  (1 трансформатор) ПП "Сайда" ~~~~ 98,20 ~~~~ 5,54 ~~ 74,53 ~ 16,40 ~ 1,73 ~~ 465,11 ~ 311,92 ~ -   ~ -   ~ 8,64 ~ -   ~ 116,27 ~ 25,58 ~ 2,70 ~~~~~~~~~~~
 46 ~ Технічний огляд  устаткування ПС ТОВ "РЕАЛТІ ІСТЕЙТ" (ПС 35/10 кВ "Теплична") ~~~~ 158,93 ~~~~ 1,35 ~~ 122,74 ~ 27,00 ~ 7,84 ~~ 799,38 ~ 460,86 ~ -   ~ -   ~ 2,88 ~ -   ~ 261,44 ~ 57,51 ~ 16,70 ~~~~~~~~~~~
 47 ~ Технічний огляд  електрообладнання  ТОВ "ГРАФІТЕК-С"  (КТП-248 6/0,4 кВ та КЛ 6 кВ)     ~~~~ 172,90 ~~~~ 0,71 ~~ 125,04 ~ 27,51 ~ 19,64 ~~ 104,61 ~~~ 64,84 ~ 0,16 ~ -   ~ 28,76 ~ 6,33 ~ 4,52 ~~~~~~~~~~~
 49 ~ Технічний обслуговування  електрообладнання ТОВ "ГРАФІТЕК-С"  (КТП-248 6/0,4 кВ та КЛ 6 кВ)     ~~~~ 172,90 ~~~~ 0,71 ~~ 125,04 ~ 27,51 ~ 19,64 ~~ 104,61 ~~~ 64,84 ~ 0,16 ~ -   ~ 28,76 ~ 6,33 ~ 4,52 ~~~~~~~~~~~
 50 ~ Технічний обслуговування  електрообладнання ТОВ «СОЛАР М» (КТП №1, КТП №2, КТП №3, КТП №4, КРП-10 кВ та КЛ 6 кВ)               ~~~~ 166,28 ~~~~ 0,47 ~~ 123,96 ~ 27,27 ~ 14,58 ~~ 288,67 ~ 162,29 ~ -   ~ 0,36 ~ -   ~ -   ~ 94,21 ~ 20,73 ~ 11,08 ~~~~~~~~~~~
 51 ~ Технічний огляд  електрообладнання  ДУ "Криворізька установа виконання покарань (№3) (ТП-1302 6/0,4 кВ, КЛ 6кВ та ПЛ 6кВ)     ~~~~ 166,28 ~~~~ 0,47 ~~ 123,96 ~ 27,27 ~ 14,58 ~~ 288,67 ~ 162,29 ~ -   ~ 0,36 ~ -   ~ -   ~ 94,21 ~ 20,73 ~ 11,08 ~~~~~~~~~~~
 52 ~ Технічний огляд  електрообладнання  ТОВ "ДЖІ ПІ СОЛАР" (РП-10 кВ)     ~~~~ 168,94 ~~~~ 0,61 ~~ 122,80 ~ 27,01 ~ 18,52 ~~ 442,00 ~ 273,06 ~~~ 0,61 ~~ 122,80 ~ 27,01 ~ 18,52 ~~~~~~~~~~~
~~~~~~~~~~~~~~~~~~~~~~~~~~~~~~~~~~
~~~~~~~~~~~~~~~~~~~~~~~~~~~~~~~~~~
 1 ~Daewoo Lanos~АЕ 93-74СК~ Кротова, 44 ~А95~ 195,88 ~~~~ 0,36 ~~ 67,85 ~ 14,93 ~ 21,74 ~ 91,00 ~ 313,38 ~~ 117,50 ~~ 0,36 ~~ 67,85 ~ 14,93 ~ 21,74 ~ 91,00 ~ 195,88 ~ -   ~~~ 0,36 ~~ 67,85 ~ 14,93 ~ 21,74 ~ 91,00 
 2 ~Daewoo Lanos~АЕ 93-75СК~ ЖвРЕМ ~А92~ 181,81 ~~~~ 0,41 ~~ 67,85 ~ 14,93 ~ 7,62 ~ 91,00 ~ 295,03 ~ 113,22 ~~~ 0,41 ~~ 67,85 ~ 14,93 ~ 7,62 ~ 91,00 ~ 181,81 ~ -   ~~~ 0,41 ~~ 67,85 ~ 14,93 ~ 7,62 ~ 91,00 
 3 ~ВАЗ 21043~АЕ 07-42ВА~ ГвРЕМ ~А92~ 196,66 ~~~~ 0,22 ~~ 67,85 ~ 14,93 ~ 22,66 ~ 91,00 ~ 309,88 ~ 113,22 ~~~ 0,22 ~~ 67,85 ~ 14,93 ~ 22,66 ~ 91,00 ~ 196,66 ~ -   ~~~ 0,22 ~~ 67,85 ~ 14,93 ~ 22,66 ~ 91,00 
 4 ~ВАЗ 21043~АЕ 07-43ВА~ Кедріна, 28 ~А92~ 176,55 ~~~~ 0,13 ~~ 67,85 ~ 14,93 ~ 2,64 ~ 91,00 ~ 301,09 ~ 124,54 ~~~ 0,13 ~~ 67,85 ~ 14,93 ~ 2,64 ~ 91,00 ~ 176,55 ~ -   ~~~ 0,13 ~~ 67,85 ~ 14,93 ~ 2,64 ~ 91,00 
 5 ~ВАЗ 21043~АЕ 07-45ВА~ КрРЕМ ~А92~ 180,91 ~~~~ 0,55 ~~ 67,85 ~ 14,93 ~ 6,58 ~ 91,00 ~ 305,45 ~ 124,54 ~~~ 0,55 ~~ 67,85 ~ 14,93 ~ 6,58 ~ 91,00 ~ 180,91 ~ -   ~~~ 0,55 ~~ 67,85 ~ 14,93 ~ 6,58 ~ 91,00 
 6 ~ВАЗ 21043~АЕ 07-46ВА~ Кедріна, 28 ~А92~ 176,94 ~~~~ 0,11 ~~ 67,85 ~ 14,93 ~ 3,05 ~ 91,00 ~ 301,48 ~ 124,54 ~~~ 0,11 ~~ 67,85 ~ 14,93 ~ 3,05 ~ 91,00 ~ 176,94 ~ -   ~~~ 0,11 ~~ 67,85 ~ 14,93 ~ 3,05 ~ 91,00 
 7 ~ВАЗ 21043~АЕ 96-34ВТ~ Кедрина, 28 ~А92~ 187,77 ~~~~ 0,22 ~~ 67,85 ~ 14,93 ~ 13,77 ~ 91,00 ~ 312,31 ~ 124,54 ~~~ 0,22 ~~ 67,85 ~ 14,93 ~ 13,77 ~ 91,00 ~ 187,77 ~ -   ~~~ 0,22 ~~ 67,85 ~ 14,93 ~ 13,77 ~ 91,00 
 8 ~ВАЗ 21043~АЕ 96-38ВТ~ ВгРЕМ ~А92~ 178,90 ~~~~ 0,27 ~~ 67,85 ~ 14,93 ~ 4,85 ~ 91,00 ~ 292,12 ~ 113,22 ~~~ 0,27 ~~ 67,85 ~ 14,93 ~ 4,85 ~ 91,00 ~ 178,90 ~ -   ~~~ 0,27 ~~ 67,85 ~ 14,93 ~ 4,85 ~ 91,00 
 9 ~ВАЗ 21043~АЕ 96-39ВТ~ ЖвРЕМ ~А92~ 175,58 ~~~~ 0,19 ~~ 67,85 ~ 14,93 ~ 1,61 ~ 91,00 ~ 288,80 ~ 113,22 ~~~ 0,19 ~~ 67,85 ~ 14,93 ~ 1,61 ~ 91,00 ~ 175,58 ~ -   ~~~ 0,19 ~~ 67,85 ~ 14,93 ~ 1,61 ~ 91,00 
 10 ~ВАЗ 21093~444-03 АЕ~ ДнРЕМ ~А92~ 176,65 ~~~~ 0,08 ~~ 67,85 ~ 14,93 ~ 2,79 ~ 91,00 ~ 289,87 ~ 113,22 ~~~ 0,08 ~~ 67,85 ~ 14,93 ~ 2,79 ~ 91,00 ~ 176,65 ~ -   ~~~ 0,08 ~~ 67,85 ~ 14,93 ~ 2,79 ~ 91,00 
 11 ~ВАЗ 21093~864-37 АВ~ ЗпРЕМ ~А92~ 176,22 ~~~~ 0,25 ~~ 67,85 ~ 14,93 ~ 2,19 ~ 91,00 ~ 289,44 ~ 113,22 ~~~ 0,25 ~~ 67,85 ~ 14,93 ~ 2,19 ~ 91,00 ~ 176,22 ~ -   ~~~ 0,25 ~~ 67,85 ~ 14,93 ~ 2,19 ~ 91,00 
 12 ~ВАЗ 21093~891-36 АВ~ Кедріна, 28 ~А92~ 179,36 ~~~~ 0,18 ~~ 67,85 ~ 14,93 ~ 5,40 ~ 91,00 ~ 292,58 ~ 113,22 ~~~ 0,18 ~~ 67,85 ~ 14,93 ~ 5,40 ~ 91,00 ~ 179,36 ~ -   ~~~ 0,18 ~~ 67,85 ~ 14,93 ~ 5,40 ~ 91,00 
 13 ~ВАЗ 21093~АЕ 13-49АЕ~ ПвРЕМ ~А92~ 181,93 ~~~~ 0,26 ~~ 67,85 ~ 14,93 ~ 7,89 ~ 91,00 ~ 295,15 ~ 113,22 ~~~ 0,26 ~~ 67,85 ~ 14,93 ~ 7,89 ~ 91,00 ~ 181,93 ~ -   ~~~ 0,26 ~~ 67,85 ~ 14,93 ~ 7,89 ~ 91,00 
 14 ~ВАЗ 21093~055-04 АЕ~ Кедріна, 28 ~А92~ 179,52 ~~~~ 0,36 ~~ 67,85 ~ 14,93 ~ 5,38 ~ 91,00 ~ 281,42 ~ 101,90 ~~~ 0,36 ~~ 67,85 ~ 14,93 ~ 5,38 ~ 91,00 ~ 179,52 ~ -   ~~~ 0,36 ~~ 67,85 ~ 14,93 ~ 5,38 ~ 91,00 
 15 ~ВАЗ 21093~484-68 АЕ~ ЖвРЕМ ~А92~ 184,84 ~~~~ 0,46 ~~ 67,85 ~ 14,93 ~ 10,60 ~ 91,00 ~ 286,74 ~ 101,90 ~~~ 0,46 ~~ 67,85 ~ 14,93 ~ 10,60 ~ 91,00 ~ 184,84 ~ -   ~~~ 0,46 ~~ 67,85 ~ 14,93 ~ 10,60 ~ 91,00 
 16 ~ВАЗ 21140~АЕ 30-78АМ~ Кедріна, 28 ~А92~ 200,26 ~~~~ 0,25 ~~ 67,85 ~ 14,93 ~ 26,23 ~ 91,00 ~ 313,48 ~ 113,22 ~~~ 0,25 ~~ 67,85 ~ 14,93 ~ 26,23 ~ 91,00 ~ 200,26 ~ -   ~~~ 0,25 ~~ 67,85 ~ 14,93 ~ 26,23 ~ 91,00 
 17 ~ГАЗ 2705~891-37 АВ~ АпРЕМ ~А92~ 183,69 ~~~~ -   ~~ 67,85 ~ 14,93 ~ 9,91 ~ 91,00 ~ 421,45 ~ 237,76 ~~~ -   ~~ 67,85 ~ 14,93 ~ 9,91 ~ 91,00 ~ 183,69 ~ -   ~~~ -   ~~ 67,85 ~ 14,93 ~ 9,91 ~ 91,00 
 18 ~ГАЗ 2705 лаборатория~166-12АЕ~ Кедріна, 28 ~А92~ 206,82 ~~~~ 0,97 ~~ 67,85 ~ 14,93 ~ 32,07 ~ 91,00 ~ 455,90 ~ 249,08 ~~~ 0,97 ~~ 67,85 ~ 14,93 ~ 32,07 ~ 91,00 ~ 206,82 ~ -   ~~~ 0,97 ~~ 67,85 ~ 14,93 ~ 32,07 ~ 91,00 
 19 ~ГАЗ 2705 лаборатория~АЕ 59-97АО~ Кедріна, 28 ~А92~ 183,51 ~~~~ 0,93 ~~ 67,85 ~ 14,93 ~ 8,80 ~ 91,00 ~ 432,59 ~ 249,08 ~~~ 0,93 ~~ 67,85 ~ 14,93 ~ 8,80 ~ 91,00 ~ 183,51 ~ -   ~~~ 0,93 ~~ 67,85 ~ 14,93 ~ 8,80 ~ 91,00 
 20 ~ГАЗ 2705-АС-6-242~АЕ 06-89АМ~ ЖвРЕМ ~А92~ 179,66 ~~~~ 1,71 ~~ 67,85 ~ 14,93 ~ 4,17 ~ 91,00 ~ 406,10 ~ 226,44 ~~~ 1,71 ~~ 67,85 ~ 14,93 ~ 4,17 ~ 91,00 ~ 179,66 ~ -   ~~~ 1,71 ~~ 67,85 ~ 14,93 ~ 4,17 ~ 91,00 
 21 ~ГАЗ 2705-АС-6-242~АЕ 30-66АМ~ Кедріна, 28 ~А92~ 188,66 ~~~~ 1,44 ~~ 67,85 ~ 14,93 ~ 13,44 ~ 91,00 ~ 426,42 ~ 237,76 ~~~ 1,44 ~~ 67,85 ~ 14,93 ~ 13,44 ~ 91,00 ~ 188,66 ~ -   ~~~ 1,44 ~~ 67,85 ~ 14,93 ~ 13,44 ~ 91,00 
 22 ~ГАЗ 2705-АС-6-242~АЕ 31-66АМ~ ВгРЕМ ~А92~ 177,34 ~~~~ 0,20 ~~ 67,85 ~ 14,93 ~ 3,36 ~ 91,00 ~ 392,46 ~ 215,12 ~~~ 0,20 ~~ 67,85 ~ 14,93 ~ 3,36 ~ 91,00 ~ 177,34 ~ -   ~~~ 0,20 ~~ 67,85 ~ 14,93 ~ 3,36 ~ 91,00 
 23 ~ГАЗ 3110~342-68 АЕ~ Кротова, 44 ~А92~ 173,92 ~~~~ -   ~~ 67,85 ~ 14,93 ~ 0,14 ~ 91,00 ~ 332,43 ~ 158,51 ~~~ -   ~~ 67,85 ~ 14,93 ~ 0,14 ~ 91,00 ~ 173,92 ~ -   ~~~ -   ~~ 67,85 ~ 14,93 ~ 0,14 ~ 91,00 
 24 ~ГАЗ 31105~АЕ 09-88ВА~ АпРЕМ ~А92~ 173,77 ~~~~ -   ~~ 67,85 ~ 14,93 ~-0,01 ~ 91,00 ~ 320,96 ~ 147,19 ~~~ -   ~~ 67,85 ~ 14,93 ~-0,01 ~ 91,00 ~ 173,77 ~ -   ~~~ -   ~~ 67,85 ~ 14,93 ~-0,01 ~ 91,00 
 25 ~ГАЗ 31105-101~АЕ 80-55АI~ Кротова, 44 ~А95~ 173,77 ~~~~ -   ~~ 67,85 ~ 14,93 ~-0,01 ~ 91,00 ~ 338,26 ~~ 164,49 ~~ -   ~~ 67,85 ~ 14,93 ~-0,01 ~ 91,00 ~ 173,77 ~ -   ~~~ -   ~~ 67,85 ~ 14,93 ~-0,01 ~ 91,00 
 26 ~ГАЗ 32213-224 микроавтобус~АЕ 04-66АМ~ Кедріна, 28 ~А92~ 185,29 ~~~~ 1,54 ~~ 67,85 ~ 14,93 ~ 9,97 ~ 91,00 ~ 434,37 ~ 249,08 ~~~ 1,54 ~~ 67,85 ~ 14,93 ~ 9,97 ~ 91,00 ~ 185,29 ~ -   ~~~ 1,54 ~~ 67,85 ~ 14,93 ~ 9,97 ~ 91,00 
 27 ~ГАЗ 322132-418 ЭТЛ~АЕ 61-93АР~ ЖвРЕМ ~А92~ 178,95 ~~~~ 1,22 ~~ 67,85 ~ 14,93 ~ 3,95 ~ 91,00 ~ 382,75 ~ 203,80 ~~~ 1,22 ~~ 67,85 ~ 14,93 ~ 3,95 ~ 91,00 ~ 178,95 ~ -   ~~~ 1,22 ~~ 67,85 ~ 14,93 ~ 3,95 ~ 91,00 
 28 ~ГАЗ 32213-418 ЭТЛ~АЕ 23-03ВМ~ Кедріна, 28 ~А92~ 176,10 ~~~~ 0,36 ~~ 67,85 ~ 14,93 ~ 1,96 ~ 91,00 ~ 425,18 ~ 249,08 ~~~ 0,36 ~~ 67,85 ~ 14,93 ~ 1,96 ~ 91,00 ~ 176,10 ~ -   ~~~ 0,36 ~~ 67,85 ~ 14,93 ~ 1,96 ~ 91,00 
 29 ~ГАЗ 33021-212~АЕ 28-21АЕ~ ІнРЕМ ~А92~ 183,48 ~~~~ 0,39 ~~ 67,85 ~ 14,93 ~ 9,31 ~ 91,00 ~ 409,92 ~ 226,44 ~~~ 0,39 ~~ 67,85 ~ 14,93 ~ 9,31 ~ 91,00 ~ 183,48 ~ -   ~~~ 0,39 ~~ 67,85 ~ 14,93 ~ 9,31 ~ 91,00 
 30 ~ГАЗ 33023~АЕ 96-35ВТ~ ПвРЕМ ~А92~ 184,59 ~~~~ 2,04 ~~ 67,85 ~ 14,93 ~ 8,77 ~ 91,00 ~ 411,03 ~ 226,44 ~~~ 2,04 ~~ 67,85 ~ 14,93 ~ 8,77 ~ 91,00 ~ 184,59 ~ -   ~~~ 2,04 ~~ 67,85 ~ 14,93 ~ 8,77 ~ 91,00 
 31 ~ГАЗ 33023~АЕ 96-36ВТ~ Кедріна, 28 ~А92~ 194,63 ~~~~ 1,84 ~~ 67,85 ~ 14,93 ~ 19,01 ~ 91,00 ~ 432,39 ~ 237,76 ~~~ 1,84 ~~ 67,85 ~ 14,93 ~ 19,01 ~ 91,00 ~ 194,63 ~ -   ~~~ 1,84 ~~ 67,85 ~ 14,93 ~ 19,01 ~ 91,00 
 32 ~ГАЗ 33023-212~АЕ 07-48ВА~ КрРЕМ ~А92~ 192,87 ~~~~ 3,97 ~~ 67,85 ~ 14,93 ~ 15,12 ~ 91,00 ~ 419,31 ~ 226,44 ~~~ 3,97 ~~ 67,85 ~ 14,93 ~ 15,12 ~ 91,00 ~ 192,87 ~ -   ~~~ 3,97 ~~ 67,85 ~ 14,93 ~ 15,12 ~ 91,00 
 33 ~ГАЗ 33023-212~АЕ 40-54ВА~ ДнРЕМ ~А92~ 183,04 ~~~~ 1,40 ~~ 67,85 ~ 14,93 ~ 7,86 ~ 91,00 ~ 420,80 ~ 237,76 ~~~ 1,40 ~~ 67,85 ~ 14,93 ~ 7,86 ~ 91,00 ~ 183,04 ~ -   ~~~ 1,40 ~~ 67,85 ~ 14,93 ~ 7,86 ~ 91,00 
 34 ~ГАЗ 33023-212~АЕ 40-55ВА~ ГвРЕМ ~А92~ 185,07 ~~~~ 1,13 ~~ 67,85 ~ 14,93 ~ 10,16 ~ 91,00 ~ 411,51 ~ 226,44 ~~~ 1,13 ~~ 67,85 ~ 14,93 ~ 10,16 ~ 91,00 ~ 185,07 ~ -   ~~~ 1,13 ~~ 67,85 ~ 14,93 ~ 10,16 ~ 91,00 
 35 ~ГАЗ 33023-414~АЕ 70-38СI~ Кротова, 44 ~А92~ 180,25 ~~~~ 2,42 ~~ 67,85 ~ 14,93 ~ 4,05 ~ 91,00 ~ 418,01 ~ 237,76 ~~~ 2,42 ~~ 67,85 ~ 14,93 ~ 4,05 ~ 91,00 ~ 180,25 ~ -   ~~~ 2,42 ~~ 67,85 ~ 14,93 ~ 4,05 ~ 91,00 
 36 ~ГАЗ 33023-414~АЕ 70-39СI~ ЖвРЕМ ~А92~ 192,23 ~~~~ 2,14 ~~ 67,85 ~ 14,93 ~ 16,31 ~ 91,00 ~ 418,67 ~ 226,44 ~~~ 2,14 ~~ 67,85 ~ 14,93 ~ 16,31 ~ 91,00 ~ 192,23 ~ -   ~~~ 2,14 ~~ 67,85 ~ 14,93 ~ 16,31 ~ 91,00 
 37 ~ГАЗ 330232-206~АЕ 13-01 НА~ Кедріна, 28 ~А92~ 194,27 ~~~~ 1,48 ~~ 67,85 ~ 14,93 ~ 19,01 ~ 91,00 ~ 432,03 ~ 237,76 ~~~ 1,48 ~~ 67,85 ~ 14,93 ~ 19,01 ~ 91,00 ~ 194,27 ~ -   ~~~ 1,48 ~~ 67,85 ~ 14,93 ~ 19,01 ~ 91,00 
 38 ~ГАЗ 33023~АЕ 93-31 ЕТ~ Кедріна, 28 ~А92~ 178,90 ~~~~ 0,89 ~~ 67,85 ~ 14,93 ~ 4,23 ~ 91,00 ~ 416,66 ~ 237,76 ~~~ 0,89 ~~ 67,85 ~ 14,93 ~ 4,23 ~ 91,00 ~ 178,90 ~ -   ~~~ 0,89 ~~ 67,85 ~ 14,93 ~ 4,23 ~ 91,00 
 39 ~ГАЗ 3307 автогідропідіймач АП-17~АЕ 36-34ВВ~ ПвРЕМ ~А92~ 198,75 ~~~~ 2,34 ~~ 75,59 ~ 16,63 ~ 2,81 ~ 101,38 ~ 572,38 ~ 373,63 ~~~ 2,34 ~~ 75,59 ~ 16,63 ~ 2,81 ~ 101,38 ~ 379,90 ~ 181,15 ~~~ 2,34 ~~ 75,59 ~ 16,63 ~ 2,81 ~ 101,38 
 40 ~ГАЗ 3307 автогідропідіймач АП-17~АЕ 36-35ВВ~ ЖвРЕМ ~А92~ 205,18 ~~~~ 3,80 ~~ 75,59 ~ 16,63 ~ 7,78 ~ 101,38 ~ 578,81 ~ 373,63 ~~~ 3,80 ~~ 75,59 ~ 16,63 ~ 7,78 ~ 101,38 ~ 386,33 ~ 181,15 ~~~ 3,80 ~~ 75,59 ~ 16,63 ~ 7,78 ~ 101,38 
 41 ~ГАЗ 3309 автогідропідіймач  АП-18~АЕ 78-56СН~ КрРЕМ ~ДП~ 281,14 ~~~~ 2,02 ~~ 75,59 ~ 16,63 ~ 85,52 ~ 101,38 ~ 522,97 ~~~ 241,83 ~ 2,02 ~~ 75,59 ~ 16,63 ~ 85,52 ~ 101,38 ~ 409,09 ~~~ 127,95 ~ 2,02 ~~ 75,59 ~ 16,63 ~ 85,52 ~ 101,38 
 42 ~ГАЗ 3309 автогідропідіймач  АП-18~АЕ 78-57СН~ ГвРЕМ ~ДП~ 202,11 ~~~~ 1,04 ~~ 75,59 ~ 16,63 ~ 7,47 ~ 101,38 ~ 443,94 ~~~ 241,83 ~ 1,04 ~~ 75,59 ~ 16,63 ~ 7,47 ~ 101,38 ~ 330,06 ~~~ 127,95 ~ 1,04 ~~ 75,59 ~ 16,63 ~ 7,47 ~ 101,38 
 43 ~ГАЗ 3309 автогідропідіймач АП-18~АЕ 93-22ЕТ~ ДнРЕМ ~ДП~ 202,61 ~~~~ 3,25 ~~ 75,59 ~ 16,63 ~ 5,76 ~ 101,38 ~ 478,98 ~~~ 276,37 ~ 3,25 ~~ 75,59 ~ 16,63 ~ 5,76 ~ 101,38 ~ 330,56 ~~~ 127,95 ~ 3,25 ~~ 75,59 ~ 16,63 ~ 5,76 ~ 101,38 
 44 ~ГАЗ 3309 ~АЕ 57-94АМ~ ДнРЕМ ~ДП~ 182,86 ~~~~ 0,52 ~~ 67,85 ~ 14,93 ~ 8,56 ~ 91,00 ~ 447,72 ~~~ 264,86 ~ 0,52 ~~ 67,85 ~ 14,93 ~ 8,56 ~ 91,00 ~ 182,86 ~~~~ 0,52 ~~ 67,85 ~ 14,93 ~ 8,56 ~ 91,00 
 45 ~ГАЗ 3309 ~АЕ 64-78ВТ~ ДнРЕМ ~ДП~ 174,95 ~~~~ 0,73 ~~ 67,85 ~ 14,93 ~ 0,44 ~ 91,00 ~ 439,81 ~~~ 264,86 ~ 0,73 ~~ 67,85 ~ 14,93 ~ 0,44 ~ 91,00 ~ 174,95 ~~~~ 0,73 ~~ 67,85 ~ 14,93 ~ 0,44 ~ 91,00 
 46 ~ГАЗ 53 грузовая бортовая~АЕ 73-20АЕ~ ЖвРЕМ ~А92~ 173,79 ~~~~ -   ~~ 67,85 ~ 14,93 ~ 0,01 ~ 91,00 ~ 490,81 ~ 317,02 ~~~ -   ~~ 67,85 ~ 14,93 ~ 0,01 ~ 91,00 ~ 173,79 ~~~~ -   ~~ 67,85 ~ 14,93 ~ 0,01 ~ 91,00 
 47 ~ГАЗ 5312 автогідропідіймач АП-17А~АЕ 78-08 АК~ АпРЕМ ~А92~ 205,53 ~~~~ 6,59 ~~ 75,59 ~ 16,63 ~ 5,34 ~ 101,38 ~ 579,16 ~ 373,63 ~~~ 6,59 ~~ 75,59 ~ 16,63 ~ 5,34 ~ 101,38 ~ 336,36 ~ 130,83 ~~~ 6,59 ~~ 75,59 ~ 16,63 ~ 5,34 ~ 101,38 
 48 ~ГАЗ 66 ЭТЛ~АЕ 73-22АЕ~ ПвРЕМ ~А92~ 179,63 ~~~~ 1,03 ~~ 67,85 ~ 14,93 ~ 4,82 ~ 91,00 ~ 609,87 ~ 430,24 ~~~ 1,03 ~~ 67,85 ~ 14,93 ~ 4,82 ~ 91,00 ~ 179,63 ~~~~ 1,03 ~~ 67,85 ~ 14,93 ~ 4,82 ~ 91,00 
 49 ~ГАЗ 6611 МРСБ~АЕ 26-47АВ~ КрРЕМ ~А92~ 173,79 ~~~~ -   ~~ 67,85 ~ 14,93 ~ 0,01 ~ 91,00 ~ 570,06 ~ 396,27 ~~~ -   ~~ 67,85 ~ 14,93 ~ 0,01 ~ 91,00 ~ 274,43 ~ 100,64 ~~~ -   ~~ 67,85 ~ 14,93 ~ 0,01 ~ 91,00 
 50 ~ГАЗ 6611 специальный (будка)~005-56АВ~ Кротова, 44 ~А92~ 173,80 ~~~~ -   ~~ 67,85 ~ 14,93 ~ 0,02 ~ 91,00 ~ 592,71 ~ 418,91 ~~~ -   ~~ 67,85 ~ 14,93 ~ 0,02 ~ 91,00 ~ 299,60 ~ 125,80 ~~~ -   ~~ 67,85 ~ 14,93 ~ 0,02 ~ 91,00 
 51 ~ГАЗ САЗ-3507~АЕ 26-51АВ~ ПвРЕМ ~А92~ 175,98 ~~~~ 0,63 ~~ 67,85 ~ 14,93 ~ 1,57 ~ 91,00 ~ 526,96 ~ 350,98 ~~~ 0,63 ~~ 67,85 ~ 14,93 ~ 1,57 ~ 91,00 ~ 175,98 ~~~~ 0,63 ~~ 67,85 ~ 14,93 ~ 1,57 ~ 91,00 
 52 ~ЗАЗ Lanos~АЕ 42-79 ЕО~ Кедріна, 28 ~А95~ 186,56 ~~~~ 0,18 ~~ 67,85 ~ 14,93 ~ 12,60 ~ 91,00 ~ 315,80 ~~ 129,24 ~~ 0,18 ~~ 67,85 ~ 14,93 ~ 12,60 ~ 91,00 ~ 186,56 ~~~~ 0,18 ~~ 67,85 ~ 14,93 ~ 12,60 ~ 91,00 
 53 ~ЗАЗ TF 69 YO~АЕ 42-73 ЕХ~ Кедріна, 28 ~А95~ 185,97 ~~~~ 0,38 ~~ 67,85 ~ 14,93 ~ 11,81 ~ 91,00 ~ 315,21 ~~ 129,24 ~~ 0,38 ~~ 67,85 ~ 14,93 ~ 11,81 ~ 91,00 ~ 185,97 ~~~~ 0,38 ~~ 67,85 ~ 14,93 ~ 11,81 ~ 91,00 
 54 ~ЗАЗ TF 69 YO~АЕ 42-75 ЕХ~ ІнРЕМ ~А92~ 178,23 ~~~~ 0,30 ~~ 67,85 ~ 14,93 ~ 4,15 ~ 91,00 ~ 291,45 ~ 113,22 ~~~ 0,30 ~~ 67,85 ~ 14,93 ~ 4,15 ~ 91,00 ~ 178,23 ~~~~ 0,30 ~~ 67,85 ~ 14,93 ~ 4,15 ~ 91,00 
 55 ~ЗИЛ 130 автогідропідіймач АГП-22~438-01АА~ Кротова, 44 ~А92~ 193,94 ~~~~ 0,27 ~~ 75,59 ~ 16,63 ~ 0,07 ~ 101,38 ~ 737,40 ~ 543,46 ~~~ 0,27 ~~ 75,59 ~ 16,63 ~ 0,07 ~ 101,38 ~ 400,25 ~ 206,31 ~~~ 0,27 ~~ 75,59 ~ 16,63 ~ 0,07 ~ 101,38 
 56 ~ЗИЛ 130 МШТС-3С~АЕ 73-21АЕ~ ЖвРЕМ ~А92~ 193,69 ~~~~ -   ~~ 75,59 ~ 16,63 ~ 0,09 ~ 101,38 ~ 669,21 ~ 475,52 ~~~ -   ~~ 75,59 ~ 16,63 ~ 0,09 ~ 101,38 ~ 294,33 ~ 100,64 ~~~ -   ~~ 75,59 ~ 16,63 ~ 0,09 ~ 101,38 
 57 ~МАЗ 533702 автокран КС-45729~АЕ 04-17 АХ~ Кротова, 44 ~ДП~ 207,68 ~~~~ 1,85 ~~ 75,59 ~ 16,63 ~ 12,23 ~ 101,38 ~ 656,78 ~~~ 449,10 ~ 1,85 ~~ 75,59 ~ 16,63 ~ 12,23 ~ 101,38 ~ 361,22 ~~~ 153,54 ~ 1,85 ~~ 75,59 ~ 16,63 ~ 12,23 ~ 101,38 
 58 ~МАЗ 543205 сидельний тягач с полуприцепом (МАЗ-938662-015 АЕ53-98ХТ)~АЕ 10-64ВН~ Кротова, 44 ~ДП~ 190,57 ~~~~ 4,18 ~~ 67,85 ~ 14,93 ~ 12,61 ~ 91,00 ~ 628,16 ~~~ 437,59 ~ 4,18 ~~ 67,85 ~ 14,93 ~ 12,61 ~ 91,00 ~ 190,57 ~~~~ 4,18 ~~ 67,85 ~ 14,93 ~ 12,61 ~ 91,00 
 59 ~МАЗ 555102-223 самосвал~АЕ 06-25СК~ Кротова, 44 ~ДП~ 183,67 ~~~~ 4,67 ~~ 67,85 ~ 14,93 ~ 5,22 ~ 91,00 ~ 563,68 ~~~ 380,01 ~ 4,67 ~~ 67,85 ~ 14,93 ~ 5,22 ~ 91,00 ~ 183,67 ~~~~ 4,67 ~~ 67,85 ~ 14,93 ~ 5,22 ~ 91,00 
 60 ~МАЗ СМК-101 автокран~АЕ 73-18АЕ~ ЖвРЕМ ~ДП~ 206,40 ~~~~ 0,28 ~~ 75,59 ~ 16,63 ~ 12,52 ~ 101,38 ~ 609,44 ~~~ 403,04 ~ 0,28 ~~ 75,59 ~ 16,63 ~ 12,52 ~ 101,38 ~ 321,56 ~~~ 115,16 ~ 0,28 ~~ 75,59 ~ 16,63 ~ 12,52 ~ 101,38 
 61 ~САЗ 3507 ТВГ-15 спец. автовишка~453-49АА~ КрРЕМ ~А92~ 193,62 ~~~~ -   ~~ 75,59 ~ 16,63 ~ 0,02 ~ 101,38 ~ 533,28 ~ 339,66 ~~~ -   ~~ 75,59 ~ 16,63 ~ 0,02 ~ 101,38 ~ 316,90 ~ 123,28 ~~~ -   ~~ 75,59 ~ 16,63 ~ 0,02 ~ 101,38 
 62 ~Трактор МТЗ-80 БМ-205~т 059-63АЕ~ ЖвРЕМ ~ДП~ 197,83 ~~~~ 0,50 ~~ 75,59 ~ 16,63 ~ 3,73 ~ 101,38 ~ 402,55 ~~~ 204,72 ~ 0,50 ~~ 75,59 ~ 16,63 ~ 3,73 ~ 101,38 ~ 402,55 ~~~ 204,72 ~ 0,50 ~~ 75,59 ~ 16,63 ~ 3,73 ~ 101,38 
 63 ~Трактор Т 150К БКУ~т 059-59АЕ~ Кротова, 44 ~ДП~ 197,30 ~~~~ 1,90 ~~ 75,59 ~ 16,63 ~ 1,80 ~ 101,38 ~ 581,15 ~~~ 383,85 ~ 1,90 ~~ 75,59 ~ 16,63 ~ 1,80 ~ 101,38 ~ 581,15 ~~~ 383,85 ~ 1,90 ~~ 75,59 ~ 16,63 ~ 1,80 ~ 101,38 
 64 ~Трактор Т 150К БКУ~т 019-35 АЕ~ КрРЕМ ~ДП~ 202,11 ~~~~ 2,36 ~~ 75,59 ~ 16,63 ~ 6,15 ~ 101,38 ~ 585,96 ~~~ 383,85 ~ 2,36 ~~ 75,59 ~ 16,63 ~ 6,15 ~ 101,38 ~ 585,96 ~~~ 383,85 ~ 2,36 ~~ 75,59 ~ 16,63 ~ 6,15 ~ 101,38 
 65 ~Трактор Т-40АМ ~т 059-62 АЕ~ ЖвРЕМ ~ДП~ 200,41 ~~~~ 0,71 ~~ 75,59 ~ 16,63 ~ 6,10 ~ 101,38 ~ 325,80 ~~~ 125,39 ~ 0,71 ~~ 75,59 ~ 16,63 ~ 6,10 ~ 101,38 ~ 325,80 ~~~ 125,39 ~ 0,71 ~~ 75,59 ~ 16,63 ~ 6,10 ~ 101,38 
 66 ~Трактор ЭО-2621 ЮМЗ-6АКЛ ~т 059-65 АЕ~ ІнРЕМ ~ДП~ 199,46 ~~~~ 0,07 ~~ 77,85 ~ 17,13 ~ -   ~ 104,41 ~ 404,18 ~~~ 204,72 ~ 0,07 ~~ 77,85 ~ 17,13 ~ -   ~ 104,41 ~ 404,18 ~~~ 204,72 ~ 0,07 ~~ 77,85 ~ 17,13 ~ -   ~ 104,41 
 67 ~Трактор  ЮМЗ-6АКЛ ~т 059-60 АЕ~ Кротова, 44 ~ДП~ 194,58 ~~~~ 0,90 ~~ 75,59 ~ 16,63 ~ 0,08 ~ 101,38 ~ 322,53 ~~~ 127,95 ~ 0,90 ~~ 75,59 ~ 16,63 ~ 0,08 ~ 101,38 ~ 476,07 ~~~ 281,49 ~ 0,90 ~~ 75,59 ~ 16,63 ~ 0,08 ~ 101,38 
 68 ~Трактор  ЮМЗ-6АКЛ ~т 019-34АЕ~ КрРЕМ ~ДП~ 193,62 ~~~~ -   ~~ 75,59 ~ 16,63 ~ 0,02 ~ 101,38 ~ 359,96 ~~~ 166,34 ~ -   ~~ 75,59 ~ 16,63 ~ 0,02 ~ 101,38 ~ 359,96 ~~~ 166,34 ~ -   ~~ 75,59 ~ 16,63 ~ 0,02 ~ 101,38 
 69 ~Трактор  ЮМЗ-6КЛ ЭО 2621~т 019-39АЕ~ ВгРЕМ ~ДП~ 204,04 ~~~~ 0,41 ~~ 77,85 ~ 17,13 ~ 4,24 ~ 104,41 ~ 408,76 ~~~ 204,72 ~ 0,41 ~~ 77,85 ~ 17,13 ~ 4,24 ~ 104,41 ~ 408,76 ~~~ 204,72 ~ 0,41 ~~ 77,85 ~ 17,13 ~ 4,24 ~ 104,41 
 70 ~Трактор  ЮМЗ-6КМ~т 059-61 АЕ~ ВгРЕМ ~ДП~ 195,09 ~~~~ 0,42 ~~ 75,59 ~ 16,63 ~ 1,07 ~ 101,38 ~ 323,04 ~~~ 127,95 ~ 0,42 ~~ 75,59 ~ 16,63 ~ 1,07 ~ 101,38 ~ 323,04 ~~~ 127,95 ~ 0,42 ~~ 75,59 ~ 16,63 ~ 1,07 ~ 101,38 
 71 ~Трактор  ЮМЗ-6 ЭО 2621~т 059-57 АЕ~ Кротова, 44 ~ДП~ 199,48 ~~~~ 0,03 ~~ 77,85 ~ 17,13 ~ 0,06 ~ 104,41 ~ 404,20 ~~~ 204,72 ~ 0,03 ~~ 77,85 ~ 17,13 ~ 0,06 ~ 104,41 ~ 404,20 ~~~ 204,72 ~ 0,03 ~~ 77,85 ~ 17,13 ~ 0,06 ~ 104,41 
 72 ~УАЗ 2206~041-34АЕ~ ПвРЕМ ~А92~ 182,28 ~~~~ 1,02 ~~ 67,85 ~ 14,93 ~ 7,48 ~ 91,00 ~ 420,04 ~ 237,76 ~~~ 1,02 ~~ 67,85 ~ 14,93 ~ 7,48 ~ 91,00 ~ 182,28 ~~~~ 1,02 ~~ 67,85 ~ 14,93 ~ 7,48 ~ 91,00 
 73 ~УАЗ 3303-01 ~АЕ 26-54АВ~ КрРЕМ ~А92~ 173,78 ~~~~ -   ~~ 67,85 ~ 14,93 ~ -   ~ 91,00 ~ 388,90 ~ 215,12 ~~~ -   ~~ 67,85 ~ 14,93 ~ -   ~ 91,00 ~ 173,78 ~~~~ -   ~~ 67,85 ~ 14,93 ~ -   ~ 91,00 
 74 ~УАЗ 3909 "Фермер"~АЕ 24-86ВА~ АпРЕМ ~А92~ 178,26 ~~~~ 0,75 ~~ 67,85 ~ 14,93 ~ 3,73 ~ 91,00 ~ 382,06 ~ 203,80 ~~~ 0,75 ~~ 67,85 ~ 14,93 ~ 3,73 ~ 91,00 ~ 178,26 ~~~~ 0,75 ~~ 67,85 ~ 14,93 ~ 3,73 ~ 91,00 
 75 ~Шкода-Oktavia~АЕ 30-02ВС~ Кедріна, 28 ~А95~ 193,32 ~~~~ -   ~~ 67,85 ~ 14,93 ~ 19,54 ~ 91,00 ~ 334,31 ~~ 140,99 ~~ -   ~~ 67,85 ~ 14,93 ~ 19,54 ~ 91,00 ~ 193,32 ~~~~ -   ~~ 67,85 ~ 14,93 ~ 19,54 ~ 91,00 
 76 ~Шкода-Oktavia~АЕ 89-09ВО~ Кедріна, 28 ~А95~ 209,97 ~~~~ -   ~~ 67,85 ~ 14,93 ~ 36,19 ~ 91,00 ~ 339,21 ~~ 129,24 ~~ -   ~~ 67,85 ~ 14,93 ~ 36,19 ~ 91,00 ~ 209,97 ~~~~ -   ~~ 67,85 ~ 14,93 ~ 36,19 ~ 91,00 
 77 ~Екскаватор "Борекс" ~т 059-66 АЕ~ ПвРЕМ ~ДП~ 203,34 ~~~~ 1,61 ~~ 77,85 ~ 17,13 ~ 2,34 ~ 104,41 ~ 472,04 ~~~ 268,70 ~ 1,61 ~~ 77,85 ~ 17,13 ~ 2,34 ~ 104,41 ~ 472,04 ~~~ 268,70 ~ 1,61 ~~ 77,85 ~ 17,13 ~ 2,34 ~ 104,41 
 78 ~Екскаватор "Борекс-2101" ~т 019-41 АЕ~ Кротова, 44 ~ДП~ 203,65 ~~~~ 0,93 ~~ 77,85 ~ 17,13 ~ 3,33 ~ 104,41 ~ 472,35 ~~~ 268,70 ~ 0,93 ~~ 77,85 ~ 17,13 ~ 3,33 ~ 104,41 ~ 472,35 ~~~ 268,70 ~ 0,93 ~~ 77,85 ~ 17,13 ~ 3,33 ~ 104,41 
 79 ~Екскаватор ЭО-2102~т 019-40 АЕ~ ЖвРЕМ ~ДП~ 202,54 ~~~~ 0,71 ~~ 77,85 ~ 17,13 ~ 2,44 ~ 104,41 ~ 471,24 ~~~ 268,70 ~ 0,71 ~~ 77,85 ~ 17,13 ~ 2,44 ~ 104,41 ~ 471,24 ~~~ 268,70 ~ 0,71 ~~ 77,85 ~ 17,13 ~ 2,44 ~ 104,41 
 80 ~Екскаватор "Борекс-2101" ~т 019-42 АЕ~ Кротова, 44 ~ДП~ 201,65 ~~~~ 0,25 ~~ 77,85 ~ 17,13 ~ 2,01 ~ 104,41 ~ 470,35 ~~~ 268,70 ~ 0,25 ~~ 77,85 ~ 17,13 ~ 2,01 ~ 104,41 ~ 470,35 ~~~ 268,70 ~ 0,25 ~~ 77,85 ~ 17,13 ~ 2,01 ~ 104,41 
 81 ~ГАЗ 2705 ВП6~АЕ 30-74НЕ~ ДнРЕМ ~А92~ 195,08 ~~~~ 2,37 ~~ 67,85 ~ 14,93 ~ 18,93 ~ 91,00 ~ 432,84 ~ 237,76 ~~~ 2,37 ~~ 67,85 ~ 14,93 ~ 18,93 ~ 91,00 ~ 195,08 ~~~~ 2,37 ~~ 67,85 ~ 14,93 ~ 18,93 ~ 91,00 
 82 ~ГАЗ 3309 автогідропідіймач  АП-18~АЕ 30-68НЕ~ ІнРЕМ ~ДП~ 222,86 ~~~~ 2,07 ~~ 75,59 ~ 16,63 ~ 27,19 ~ 101,38 ~ 464,69 ~~~ 241,83 ~ 2,07 ~~ 75,59 ~ 16,63 ~ 27,19 ~ 101,38 ~ 350,81 ~~~ 127,95 ~ 2,07 ~~ 75,59 ~ 16,63 ~ 27,19 ~ 101,38 
 83 ~ЗАЗ TF 69 YO~АЕ 73-16НІ~ КрРЕМ ~А92~ 190,47 ~~~~ 0,30 ~~ 67,85 ~ 14,93 ~ 16,39 ~ 91,00 ~ 303,69 ~ 113,22 ~~~ 0,30 ~~ 67,85 ~ 14,93 ~ 16,39 ~ 91,00 ~ 190,47 ~~~~ 0,30 ~~ 67,85 ~ 14,93 ~ 16,39 ~ 91,00 
 84 ~Шкода-Oktavia~АЕ 55-97НС~ Кедріна, 28 ~А95~ 241,66 ~~~~ -   ~~ 67,85 ~ 14,93 ~ 67,88 ~ 91,00 ~ 382,65 ~~ 140,99 ~~ -   ~~ 67,85 ~ 14,93 ~ 67,88 ~ 91,00 ~ 241,66 ~~~~ -   ~~ 67,85 ~ 14,93 ~ 67,88 ~ 91,00 
 85 ~ГАЗ 3309 автогідропідіймач  АП-18~АЕ 53-80НМ~ ВгРЕМ ~ДП~ 230,17 ~~~~ 2,87 ~~ 75,59 ~ 16,63 ~ 33,70 ~ 101,38 ~ 472,00 ~~~ 241,83 ~ 2,87 ~~ 75,59 ~ 16,63 ~ 33,70 ~ 101,38 ~ 358,12 ~~~ 127,95 ~ 2,87 ~~ 75,59 ~ 16,63 ~ 33,70 ~ 101,38 
 86 ~ЗАЗ TF 69 YO~АЕ 52-47 НМ~ ДнРЕМ ~А95~ 188,57 ~~~~ 0,39 ~~ 67,85 ~ 14,93 ~ 14,40 ~ 91,00 ~ 317,81 ~~ 129,24 ~~ 0,39 ~~ 67,85 ~ 14,93 ~ 14,40 ~ 91,00 ~ 188,57 ~~~~ 0,39 ~~ 67,85 ~ 14,93 ~ 14,40 ~ 91,00 
 87 ~ГАЗ-27057 ВП 6~АЕ 37-28 НМ~ Кротова, 44 ~А92~ 197,25 ~~~~ 3,98 ~~ 67,85 ~ 14,93 ~ 19,49 ~ 91,00 ~ 446,33 ~ 249,08 ~~~ 3,98 ~~ 67,85 ~ 14,93 ~ 19,49 ~ 91,00 ~ 197,25 ~~~~ 3,98 ~~ 67,85 ~ 14,93 ~ 19,49 ~ 91,00 
 88 ~ЗАЗ TF 69 YO~АЕ 99-60ЕО~Кедріна, 28~А92~ 194,16 ~~~~ 0,44 ~~ 67,85 ~ 14,93 ~ 19,94 ~ 91,00 ~ 318,70 ~ 124,54 ~~~ 0,44 ~~ 67,85 ~ 14,93 ~ 19,94 ~ 91,00 ~ 194,16 ~~~~ 0,44 ~~ 67,85 ~ 14,93 ~ 19,94 ~ 91,00 
 89 ~ЗАЗ TF 69 YO~АЕ 53-39ЕМ~ПвРЕМ~А92~ 187,14 ~~~~ 0,48 ~~ 67,85 ~ 14,93 ~ 12,88 ~ 91,00 ~ 311,68 ~ 124,54 ~~~ 0,48 ~~ 67,85 ~ 14,93 ~ 12,88 ~ 91,00 ~ 187,14 ~~~~ 0,48 ~~ 67,85 ~ 14,93 ~ 12,88 ~ 91,00 
 90 ~ЗАЗ TF 69 YO~АЕ 03-45НВ~Кедріна, 28~А92~ 193,15 ~~~~ 0,56 ~~ 67,85 ~ 14,93 ~ 18,81 ~ 91,00 ~ 317,69 ~ 124,54 ~~~ 0,56 ~~ 67,85 ~ 14,93 ~ 18,81 ~ 91,00 ~ 193,15 ~~~~ 0,56 ~~ 67,85 ~ 14,93 ~ 18,81 ~ 91,00 
 91 ~Шкода Super B~АЕ 68-73ІА~Кедріна, 28~А95~ 198,51 ~~~~ -   ~~ 67,85 ~ 14,93 ~ 24,73 ~ 91,00 ~ 351,25 ~~ 152,74 ~~ -   ~~ 67,85 ~ 14,93 ~ 24,73 ~ 91,00 ~ 198,51 ~~~~ -   ~~ 67,85 ~ 14,93 ~ 24,73 ~ 91,00 
 92 ~ЗАЗ LANOS~АЕ 34-96 CР~Кедріна, 28~А92~ 206,79 ~~~~ 0,59 ~~ 67,85 ~ 14,93 ~ 32,42 ~ 91,00 ~ 331,33 ~ 124,54 ~~~ 0,59 ~~ 67,85 ~ 14,93 ~ 32,42 ~ 91,00 ~ 206,79 ~~~~ 0,59 ~~ 67,85 ~ 14,93 ~ 32,42 ~ 91,00 
 93 ~Mistsubishi~АЕ 66-23 НТ~Кедріна, 28~А95~ 196,01 ~~~~ -   ~~ 67,85 ~ 14,93 ~ 22,23 ~ 91,00 ~ 419,25 ~~ 223,24 ~~ -   ~~ 67,85 ~ 14,93 ~ 22,23 ~ 91,00 ~ 196,01 ~~~~ -   ~~ 67,85 ~ 14,93 ~ 22,23 ~ 91,00 
 94 ~ЗАЗ LANOS~АЕ 02-44 ІА~КрРЕМ~А92~ 196,28 ~~~~ 0,47 ~~ 67,85 ~ 14,93 ~ 22,03 ~ 91,00 ~ 309,50 ~ 113,22 ~~~ 0,47 ~~ 67,85 ~ 14,93 ~ 22,03 ~ 91,00 ~ 196,28 ~~~~ 0,47 ~~ 67,85 ~ 14,93 ~ 22,03 ~ 91,00 
 95 ~Mistsubishi  L 200~АЕ 20-44 ІА~Кедріна, 28~ДП~ 235,51 ~~~~ -   ~~ 67,85 ~ 14,93 ~ 61,73 ~ 91,00 ~ 373,70 ~~~ 138,19 ~ -   ~~ 67,85 ~ 14,93 ~ 61,73 ~ 91,00 ~ 235,51 ~~~~ -   ~~ 67,85 ~ 14,93 ~ 61,73 ~ 91,00 
 96 ~RENAULT LODGY~АЕ 29-16ІЕ~Кедріна, 28~ДП~ 200,24 ~~~~ -   ~~ 67,85 ~ 14,93 ~ 26,46 ~ 91,00 ~ 269,33 ~~~ 69,09 ~ -   ~~ 67,85 ~ 14,93 ~ 26,46 ~ 91,00 ~ 200,24 ~~~~ -   ~~ 67,85 ~ 14,93 ~ 26,46 ~ 91,00 
 97 ~RENAULT DOKKER~АЕ 29-06ІЕ ~КрРЕМ~А95~ 211,70 ~~~~ -   ~~ 67,85 ~ 14,93 ~ 37,92 ~ 91,00 ~ 317,45 ~~ 105,75 ~~ -   ~~ 67,85 ~ 14,93 ~ 37,92 ~ 91,00 ~ 211,70 ~~~~ -   ~~ 67,85 ~ 14,93 ~ 37,92 ~ 91,00 
 98 ~RENAULT LOGAN~АЕ 29-13ІЕ~Кедріна, 28~А95~ 202,09 ~~~~ -   ~~ 67,85 ~ 14,93 ~ 28,31 ~ 91,00 ~ 296,09 ~~ 94,00 ~~ -   ~~ 67,85 ~ 14,93 ~ 28,31 ~ 91,00 ~ 202,09 ~~~~ -   ~~ 67,85 ~ 14,93 ~ 28,31 ~ 91,00 
