think 	думать		
which 	что		
into 	на		
their 	их		
about 	около, почти, вновь		
make 	делать		
down 	вниз по		
time 	время		
take 	брать, требоваться, требовать, передавать, принимать, выбирать		
your 	ваш		
man 	человек		
more 	более, больший, дополнительный, больше		
who 	кто, который		
back 	возвращать, обратная сторона, спина, обратно, в ответ		
mister 	господин		
some 	около		
very 	очень		
over 	в течение, через, заканчиваться, пере, выше		
hand 	рука		
little 	немного, небольшой		
tell 	сказать		
us 	нас		
may 	мочь, возможно, май, можно, нельзя		
well 	хорошо, хороший, колодец, геол)скважина		
other 	другой		
before 	до, прежде, прежде, чем		
way 	путь, способ		
again 	снова, кроме того		
shall 	быть, должен, если		
find 	находить|найти, обнаруживать, оказываться, начинать		
just 	только что (в данный момент), только, едва, безошибочный, верный, правильный, точный		
eye 	глаз		
don 	дон		
than 	чем		
here 	здесь, сюда		
any 	любой		
how 	как		
where 	где, куда		
old 	старый		
good 	хорошо, хороший		
leave 	оставлять, оставаться, уходить		
give 	давать		
even 	даже, ровный, четный		
day 	день, дневной		
away 	прочь		
through 	через		
off 	от, с		
too 	слишком, тоже		
great 	большой		
never 	никогда		
after 	после, впоследствии, после того, как		
long 	долго (длиной), длинно, длинный, длиннее		
hear 	слышать, получать известие		
turn 	поворачивать, поворот, оборот		
feel 	чувствовать		
much 	значительно, очень, много, многое		
head 	голова, инф)мех)головка, союз)глава, главный		
our 	наш		
seem 	казаться, кажется,		
right 	право, правый, правильный, вправо		
must 	должен, по-видимому, должны		
face 	сталкиваться с, лицо, лицевой		
two 	два, двух		
still 	все еще, все же, неподвижный		
want 	хотеть		
door 	дверь, вход		
first 	сначала, первый		
upon 	с		
last 	последний раз, последний, прошлый		
something 	что-то, кое-чем		
though 	все-же, хотя		
night 	ночь, ночной		
light 	зажигать, свет, светлый, легкий, световой		
stand 	устанавливать, стоять, стенд		
open 	открывать, открытый		
room 	размещать, комната		
keep 	держать, сохранять, продолжать, встр)проводить		
place 	устанавливать, место		
ask 	спрашивать, просить		
ever 	когда-либо		
around 	вокруг, около, везде		
try 	пытаться, пробовать, попытка		
let 	позволять, давайте		
sit 	сидеть		
himself 	сам, себя		
such 	такой		
people 	люди		
begin 	начинать, начало		
own 	обладать, принадлежать, собственный		
house 	размещать, дом		
nothing 	ничто		
call 	называть, звать, комм)вызов, вызывать, встр)созывать, призыв, призывать		
once 	как только, один раз		
thing 	вещь		
put 	помещать, устанавливать		
voice 	высказывать, голос, речевой		
mr 	м-р		
why 	почему		
these 	они, этот		
mean 	означать, хотеть, предназначаться, средство, средний		
speak 	говорить		
because 	поскольку		
another 	другой		
many 	много, многий		
those 	тот		
while 	пока		
most 	наиболее, больше всего, самый, большинство		
real 	реальный		
work 	работа, работать, труд, рабочий		
under 	по		
world 	мир, мировой		
behind 	за, позади		
fall 	падать, падение		
hold 	держать		
year 	год		
word 	слово, известие, текстовый		
run 	запускать, бежать, работать, достигать, прогон		
bond 	подписывать обязательство, обязательство, облигация, закладная, связь		
mind 	одуш)возражать, слушаться, обращать внимание, ум, мнение		
every 	каждый		
without 	без, не		
dark 	темный		
far 	далеко, значительно, дальний		
new 	новый, вновь		
foot 	фут, нога		
walk 	проходить		
yet 	пока, все еще		
end 	заканчивать, конец, конечный, авто)торцевой		
side 	сторона, боковой		
moment 	момент		
talk 	говорить|поговорить, уговаривать, разговор		
black 	черный		
always 	всегда		
pass 	передавать, проходить, проход		
friend 	друг, дружественный		
close 	закрывать, закрытый, близкий		
three 	три, трех		
life 	жизнь, срок службы		
near 	около, близкий, почти		
watch 	наблюдать, следить, часы, дозор		
oh 	ох		
miss 	мисс		
move 	перемещать, перемещение		
toward 	по отношению к		
course 	курс, ход		
better 	лучше, лучший		
enough 	достаточно, достаточный		
stop 	останавливать, переставать, прекращаться, остановка, стоповый		
bring 	приносить, переносить, приводить		
anything 	что-нибудь		
cry 	плакать, кричать, крик		
name 	называть, имя		
same 	тот же		
point 	указывать, точка		
hard 	трудно, упорно, твердо, жесткий		
quite 	совсем		
arm 	вооружаться, рычаг (рука)		
sure 	несомненно, уверенный, убедитесь		
sir 	сэр		
half 	половина, наполовину		
sound 	звучать, звук, надежный, инф)звуковой		
love 	любить, любовь		
few 	несколько, некоторый, мало		
air 	проветривать, воздух, эфир, вид, воздушный		
dear 	дорогой		
soon 	скоро		
part 	разделять, часть		
help 	помогать, помощь, инф)подсказка		
against 	против		
return 	возвращать, обратный, возврат		
wait 	ожидать, ожидание		
wall 	стена		
round 	круглый, округлять, круг		
answer 	ответ		
woman 	женщина, женский		
follow 	следовать		
high 	высоко, высокий, уровень		
window 	окно		
young 	молодой		
until 	пока		
show 	показывать, показ		
father 	отец, отцовский		
sudden 	внезапный		
myself 	сам себя, себя самого, я		
happen 	случаться		
along 	вдоль		
both 	оба		
kind 	тип, любезный		
lord 	лорд		
white 	белый		
break 	ломать, инф)прерывать, прерывание		
next 	затем, следующий, другой		
child 	ребенок		
boy 	мальчик		
lie 	лежать, лгать, ложь		
dead 	мертвый		
since 	с, поскольку, с тех пор как, с тех пор		
certain 	определенный, уверенный, , несомненно		
water 	поливать, вода, водный		
heart 	сердце, основа, сердечный		
set 	устанавливать, набор, комплект, инф)установка		
small 	небольшой		
wish 	хотеть		
star 	звезда, звездный		
start 	запускать, начинать, начало, стартовый		
slow 	замедлять, медленный		
home 	дом, домашний, домой		
hour 	час, часовой		
girl 	девушка		
between 	между		
remember 	помнить		
almost 	почти		
become 	становиться		
mother 	мать, материнский		
deep 	глубокий, глубже		
tree 	дерево		
whole 	целый		
lady 	дама, дамский		
meet 	встречать, соответствовать, удовлетворять, выполнять		
believe 	верить		
sleep 	спать, сон		
smile 	улыбаться, улыбка		
wonder 	удивляться, удивление, чудо		
table 	стол, инф)таблица, табличный		
stone 	облицовывать, камень, каменный		
fire 	сжигать, стрелять, огонь, пожар, обстрел, пожарный		
street 	улица, уличный		
reach 	достигать		
each 	каждый		
morning 	утро, утром		
rest 	ставить, отдыхать, лежать, отдых, остальной		
grow 	выращивать, расти, расти		
quick 	быстро, быстрый		
shake 	трясти, шейк		
hope 	надеяться, надежда		
across 	через		
bear 	нести, перевозить, выдерживать, медведь		
land 	сажать|посадить, приземляться, земля, страна		
rise 	повышать, подниматься, повышение		
clear 	очистка, очищать, ясный, ясно		
large 	большой		
perhaps 	возможно		
draw 	делать, граф)рисовать, экон)получать, вытаскивать		
book 	заказывать, книга, книжный		
read 	читать, чтение		
bite 	кусать, укус		
else 	еще		
matter 	материал		
fear 	бояться, страх		
ground 	заземлять, земля, заземление		
minute 	минута, подробный, минутный		
second 	секунда, второй, во-вторых		
strange 	странно, странный		
win 	завоевывать, выигрывать, выигрыш		
sort 	сортировать, сортировка, тип		
together 	вместе		
lose 	терять, проигрывать, потеря		
laugh 	смеяться, смех		
indeed 	на самом деле		
hair 	волос, волосяной		
suppose 	полагать, допустим		
understand 	понимать		
poor 	бедный		
lead 	вести, лидировать, свинец, )лидерство, элек)вывод, ход, свинцовй		
send 	посылать		
master 	овладевать, мастер, эталон, основной		
above 	выше, вышеуказанное		
catch 	ловить|поймать		
body 	воплощать, тело, организация, орган		
road 	дорога, дорожный		
present 	представлять, обеспечивать, присутствовать, настоящее, настоящий, современный		
everything 	весь		
full 	полный, полностью		
case 	случай, дело, ящик, падеж, в таком случае		
herself 	сама, себя, она		
pull 	тянуть		
best 	наилучшим образом, наилучший		
aunt 	тетя		
cold 	холод, холодный		
doctor 	доктор		
city 	город, городской		
death 	смерть, смертельный		
dream 	мечтать, мечта		
front 	передний план, передний		
rather 	довольно, предпочтительно		
easy 	легко, легкий		
finger 	показывать, палец		
professor 	профессор		
would 	быть, должен, если бы, хотеть		
quiet 	успокаивать, тишина, тихий		
floor 	пол, зал, этаж		
appear 	появляться, появление, оказывается, оказалось		
listen 	слушать		
forget 	забывать		
also 	также		
among 	среди		
least 	наименее, наименьший		
question 	спрашивать, вопрос, вопросный		
throw 	бросать		
shadow 	тень, теневой		
beyond 	за		
big 	большой, больше		
mountain 	гора, горный		
already 	уже		
beside 	рядом с		
power 	мощность, право, перс)полномочие, силовой		
mouth 	рот, отверстие, устье		
kill 	убивать, уничтожать		
lot 	партия, масса, участок, много		
wind 	заводить, мотать, извиваться, ветер, оборот		
less 	менее, меньший, меньше		
whose 	чей, который		
die 	умирать		
past 	прошлое, прошлый		
use 	использовать, использование		
play 	играть, игра, пьеса		
alone 	только, один		
letter 	докм)письмо, инф)знак)буква		
write 	писать, инф)записывать, запись		
interest 	интересовать, интерес, доля, участие, процент		
please 	пожалуйста		
stay 	оставаться, пребывание		
however 	тем не менее		
god 	бог		
form 	формировать, форма		
heavy 	тяжелый		
forward 	пересылать, форвард, форвардный, дальше		
order 	заказывать, упорядочивать, приказывать, порядок, потр)экон)заказ, воен)приказ, команда		
whisper 	шептать, шепот		
drink 	пить, напиток		
idea 	идея		
tom 	том		
family 	семейство, семья, семейный		
short 	шунтировать, перемычка, короткий		
sam 	сэм		
live 	жить, живой		
human 	человеческий		
hide 	прятать, шкура		
carry 	нести, отправлять, перенос		
trouble 	беспокоить, проблема		
four 	четыре, четырех		
five 	пять, пяти		
eat 	есть		
secret 	секрет, секретный		
strong 	прочный, сильный		
till 	до		
bad 	плохо, плохой		
top 	завершать, верх, верхний		
step 	вести, входить, шаг, мера		
touch 	касаться, прикосновение, налет, сенсорный		
shoulder 	взваливать на плечи, плечо		
thank 	благодарить		
glass 	стекло, стакан, стеклянный		
low 	снижать, низкий уровень, низкий, низко		
notice 	замечать, обращать внимание, докм)уведомление		
true 	верно, истиный, истинность		
tear 	рвать, слеза		
hill 	холм		
wear 	носить, изнашивать, износ		
outside 	за пределами, внешний, снаружи		
happy 	счастливый		
breath 	дыхание, вздох		
wood 	дерево (лес), древесный		
drop 	бросать, падать, капля, падение		
green 	зеленый		
line 	линия, инф)строка		
later 	позже, последующий		
sight 	зрение		
son 	сын, порожденный, дочерний		
inside 	в, внутрь, внутренность, внутренний		
fact 	факт		
expect 	ожидать		
general 	генерал, общее, общий		
paper 	бумага, граф)статья, бумажный		
hang 	вешать, зависать, зависание		
hall 	холл		
chair 	кафедра, стул		
learn 	узнавать		
someone 	кто-нибудь		
gold 	золото, золотой		
possible 	возможно, возможный		
business 	дело(бизнес), деловой		
nor 	ни		
doubt 	сомневаться, сомнение		
ear 	ухо, слух, колос, слуховой		
leg 	нога, ветвь		
cut 	резать, удалять, гранить, снижение, порез, кусок		
money 	деньги, финансовый		
raise 	поднимать, возводить		
corner 	угол, поставить в безвыходное положение		
hundred 	сто, сотня		
remain 	оставаться		
figure 	считать, фигура, инф)цифра		
wide 	широкий		
sun 	солнце, солнечный		
late 	поздно, последний, конец		
silent 	тихий, инф)отключенный		
ready 	готовый		
silence 	заглушать, тишина		
soft 	мягко, мягкий		
bloom 	расцветать, расцвет		
build 	строить, инф)формировать		
surprise 	удивлять, сюрприз, неожиданный		
week 	неделя, недельный		
earth 	земля, заземление, земной		
sea 	море, морской		
shout 	кричать, крик		
drive 	управлять, запускать, загонять, ездить|проехать, проезд, инф)накопитель, энергия		
pretty 	изрядно, красивый		
free 	свободно, бесплатно, освобождать, свободный		
river 	река, речной		
sky 	небо, небесный		
ten 	десять, десяти		
often 	часто		
either 	также, или, любой		
sense 	чувствовать, значение, чувство		
fight 	с, борьба		
shut 	закрывать		
guard 	охранять, охрана		
hat 	шляпа		
care 	интересовать, забота		
sometime 	где-то		
rock 	качаться, скала		
age 	стареть, возраст, век, возрастной		
whether 	независимо		
fly 	запускать, летать, поднимать, полет, муха, ширинка		
pick 	выбирать, указка		
reason 	причина		
brother 	брат, родственный		
gate 	пропускать, ворота		
probable 	вероятно, вероятный		
enter 	ввод	 вводить, вход	 входить
within 	в пределах, в течение		
school 	школа, школьный		
add 	добавлять, дополнение		
none 	ничто, никакой		
sign 	подписывать, знак, конт)подпись, признак		
pocket 	карман, карманный		
whom 	кто, который		
cover 	покрывать, защищать, покрытие, кожух, обложка		
ago 	тому назад		
save 	спасать, охранять, защищать, ограждать, беречь, экономить		
blow 	дуть, удар		
change 	изменение, изменять, отличие, отличаться		
town 	город		
yourself 	сами, себя		
glance 	взгляд		
able 	способный		
strike 	нажимать, забастовка		
lay 	класть, лежать		
story 	рассказ, повесть, этаж		
usual 	обычно, обычный		
edge 	изменять, край, ребро, краевой		
force 	заставлять, усилие, сила, принудительный		
manner 	способ		
different 	другой, отличный, различный		
pay 	экон)платить, обращать, оплата		
themself 	сам, себя		
except 	кроме, за исключением того		
maybe 	может быть		
roll 	прокручивать, мех)прокатывать, переворачивать, инф)перематывать, реестр, рулон, мех)ролик		
elf 	эльф		
wizard 	колдун		
dress 	одевать, платье		
horse 	лошадь		
afraid 	испуганный		
bright 	яркий, блестящий		
car 	автомобиль, автомобильный		
state 	штат, государственный		
uncle 	дядя		
careful 	осторожный, тщательный		
witch 	ведьма		
bend 	изгибать, гнуть, поворот		
person 	человек		
dragon 	дракон		
final 	финал, конечный		
anyone 	каждый, любой		
sister 	сестра, однотипный		
creature 	творение		
chance 	случаться, шанс, случайный		
loud 	громкий, шумный		
cross 	пересекать, докм)разминуться, пересечение, перекрестный		
below 	ниже		
itself 	мсам, себя, непосредственно, он		
ship 	транс)отправлять, инф)загружать, судно, астр)корабль		
glad 	радый		
shape 	формировать, форма		
number 	перечислять, число, номер, количество		
thousand 	тысяча, тысячный		
wake 	будить, просыпаться		
fine 	очищать, экон)штрафовать, пеня, штраф, тонкий, отлично		
fill 	заполнять, наполнитель		
box 	боксировать, ящик, бокс, инф)блок		
wrong 	неправильно, неправильный		
daemon 	демон		
stick 	втыкать, приклеивать, торчать, палка		
lip 	губа		
seat 	усаживать, место		
grey 	серый		
hurry 	спешить, спешка		
shoot 	стрелять, фото)снимать		
alice 	элис		
wild 	дикий		
fellow 	парень		
country 	страна, муз)кантри		
deal 	иметь дело, сделка		
plan 	план		
mark 	выделять, маркировать, обозначать, отметка, маркер, марк, экон)марка		
safe 	сейф, безопасный		
simple 	простой		
several 	различный		
climb 	подниматься		
blue 	синий		
dog 	собака, собачий		
john 	джон, артс)иоанн		
slight 	легкий, незначительный		
piece 	часть, кусок		
terrible 	страшный		
memory 	память, воспоминания		
bank 	экон)банк, банковский		
clock 	синхронизировать, часы		
knife 	нож		
fair 	ярмарка, выставка, честный, светлый, справедливо		
tower 	возвышаться, башня		
exact 	точный		
smoke 	курить, дымить, дым		
sorry 	огорченный		
crowd 	собираться, толпа		
picture 	изображать, изображение, артс)картина, фото)снимок, картинный		
wave 	отклонять, махать, волна, волновой		
chapter 	глава, отделение		
company 	компания, воен)рота		
north 	север, северный		
ride 	ездить, ехать, поездка		
burn 	жечь, гореть, обжигать, ожог		
blood 	кровь, кровяной		
everyone 	весь		
fast 	быстро, быстрый		
space 	пространство, инф)пробел, космический		
spring 	прыгать, весна, мех)авто)пружина, прыжок, весенний		
lock 	запирать, замок, инф)блокировка		
warn 	предупреждать		
count 	считать, счет		
empty 	пустой		
merry 	веселый		
guess 	догадываться, догадка		
nod 	кивать, кивок		
cloud 	затемнять, облако		
curious 	любопытно, любопытный		
spirit 	дух		
gentleman 	джентльмен		
wife 	жена		
captain 	капитан, капитанский		
mine 	геол)шахта, воор)мина, мой		
lift 	поднимать, лифт		
slip 	надевать, скользить, скольжение, ошибка		
darkness 	темнота		
noise 	шум		
war 	война, военный		
hole 	отверстие, астр)дыра		
perfect 	улучшать, отличный		
twenty 	двадцать, двадцати		
whatever 	все, что, независимо от того, какой		
longer 	дольше, более длинный		
path 	путь, инф)маршрут		
nature 	природа, характер		
attention 	внимание		
complete 	завершать, полный		
wand 	палочка		
mention 	упоминать, ссылка		
office 	офис, офисный		
stair 	ступенька		
escape 	избегать, переход		
ahead 	вперед, впереди		
finish 	завершать, заканчивать, конец		
bag 	мешок, мультимножество		
thick 	толстый, плотный, густой		
cause 	вызывать, заставлять, причина, процесс, дело		
bow 	кланяться, подчиняться, поклон, лук		
vim 	прыть		
need 	необходимость, нужно		
ah 	ах		
direction 	направление, руководство		
field 	область		
neck 	шея		
plain 	равнина, простой, гладкий		
key 	ключ, инф)клавиша, ключевой		
mile 	миля		
press 	нажимать, пресса, инф)нажатие, корреспондентский		
allow 	допускать, позволять		
gentle 	мягкий		
daughter 	дочь, дочерний		
dwarf 	карлик		
particular 	конкретный, в частности		
six 	шесть, шести		
bar 	преграждать, бар, полоса, инф)зона, брусок, адвокатура, суд		
pale 	бледный		
smell 	пахнуть, чувствовать запах, запах, обоняние		
moon 	луна, лунный		
nose 	выискивать, нос, носовой		
sharp 	точно, острый		
ancient 	древний, старинный		
anyway 	во всяком случае		
evil 	зло, злой		
faint 	слабый		
act 	действовать, действие		
silver 	серебро, серебряный		
mere 	просто, простой		
yard 	ярд		
bird 	птица		
visit 	посещать, визит		
note 	иметь в виду, примечание		
stuff 	набивать, материал		
month 	месяц, месячный		
nice 	мило, хороший		
scream 	кричать, крик		
subject 	в зависимости от		
west 	запад, западный, на западе		
lean 	сгибать, наклоняться, прислоняться, тощий		
somewhere 	где-нибудь, куда-нибудь		
horror 	ужас, ужасный		
knock 	стучать, ударять, стук, удар		
potter 	гончар		
explain 	объяснять		
reply 	отвечать, ответ		
common 	общий		
straight 	прямо, сразу, прямой		
game 	игра		
pause 	останавливаться, пауза		
pippin 	пепин		
golden 	золотой, золотистый		
consider 	рассматривать, считать, решать		
trust 	верить, доверие, экон)траст		
beautiful 	красивый		
further 	продвигать, дальше, дальнейший		
mad 	сумасшедший, безумный		
soul 	душа		
party 	партия, конт)экон)транс)сторона, встр)вечеринка		
queen 	королева, королевский		
train 	готовить, поезд		
marry 	вступать в брак с		
cat 	кошка		
receive 	получать, приемник		
beat 	бить, опережать, ритм, такт		
enemy 	неприятель, враждебный		
join 	к, соединять, груп)объединять, соединение		
spot 	определять, точка		
continue 	продолжать, оставаться		
middle 	середина, средний		
van 	фургон, вагон, вэн		
account 	считать, счет, отчет, учетный		
garden 	сад		
hot 	горячий		
pain 	боль		
iron 	гладить, железо, железный		
sword 	сабля, сабельный		
expression 	выражение		
folk 	народ, народный		
object 	возражать, объект, объектный		
elizabeth 	элизабет		
snow 	снег, снежный		
search 	искать, поиск		
hop 	прыжок, хмель, хмелевой		
worry 	беспокоиться, озабоченность		
buy 	покупать		
hit 	поражать, нападать, инф)нажимать, удар		
ought 	должен		
odd 	нечетный, странный		
push 	выталкивать, толчок		
study 	изучать, заниматься, анализ		
instant 	момент, мгновенный		
during 	во время, в течение		
thin 	тонкий		
magic 	магия, волшебный		
settle 	решать, урегулировать, оседать, астр)осваивать		
view 	рассматривать, вид, зрение, представление, точка зрения		
steppe 	степь		
job 	работа, задание		
leap 	прыгать, прыжок, скачок		
promise 	обещать, обещание		
dust 	пыль		
forest 	лес, лесной		
warm 	нагревать, тепло, теплый		
instead 	взамен		
offer 	предлагать, предложение		
angry 	сердитый		
seek 	искать, поиск		
pleasure 	удовольствие		
choose 	выбирать, решать, выбор		
clothe 	одевать, облекать		
lower 	уменьшать, более низкий, ниже		
mutter 	бормотать		
stream 	течь, поток		
kiss 	целовать, поцелуй		
boat 	лодка, судно		
natural 	естественно, естественный		
truth 	истина		
sing 	петь		
observe 	наблюдать, соблюдать		
dinner 	обед		
food 	пища, продовольственный		
tall 	высокий, ростом, выше		
ring 	звонить, кольцо, кольцевой		
decide 	решать		
horrible 	ужасный		
vanish 	исчезать		
spend 	тратить		
grave 	могила, ударение, серьезный, важный		
actual 	фактический		
gather 	собирать		
repeat 	повторять, повторение		
south 	юг, южный		
manage 	управлять		
ill 	зло, недуг, плохой, больной, дурно		
dance 	танцевать, танец		
stephen 	стивен		
roof 	крыть, крыша		
ghost 	призрак		
sink 	погружать, топить, погружаться, тонуть, раковина		
grass 	трава		
jim 	джим		
carter 	возчик, картер		
dry 	сушить, сохнуть, протирать, сухой		
narrow 	суживать, узкий		
hurt 	ранить, повреждение, рана		
knee 	колено, коленный		
law 	закон, юридический		
reckon 	подсчитывать, расплачиваться		
service 	обслуживать, услуга, обслуживание, воен)служба		
arrive 	прибывать		
george 	джордж		
worse 	хуже, плохой		
yeah 	да		
alive 	живой, готовый, работоспособный		
distance 	расстояние		
length 	длина, продолжительность, отрезок		
desk 	стол, пульт, настольный		
sweet 	приятно, приятный, сладкий		
art 	искусство		
crack 	трескаться, трещина, отборный		
approach 	достигать, приближаться, метод		
realize 	реализовывать, понимать		
colour 	фото)окрашивать, цвет, цветной		
brain 	мозг, мозговой		
tale 	рассказ, повесть		
seven 	семь, семи		
valley 	долина		
circle 	круг		
fancy 	предполагать, увлекаться, воображение, причудливый		
purpose 	исключительно для		
third 	третий		
brown 	коричневый		
effect 	производить, эффект		
london 	лондон, лондонский		
tremble 	дрожать, дрожь		
kid 	шутить, ребенок, козленок, лайковый		
distant 	отдаленный		
onto 	на		
sigh 	вздыхать, вздох		
beneath 	под		
important 	важно, важный		
rush 	спешить, спешка, срочный, срочно		
sirius 	сириус		
strength 	сила, прочность, воен)численность		
east 	восток, восточный		
crouch 	приседать		
fit 	устанавливать, приступ, годный		
gray 	серый		
stretch 	протягивать		
imagine 	представлять себе		
jump 	прыгать, перескакивать, прыжок, инф)переход		
direct 	направлять, прямой		
neither 	никакой, ни		
cloak 	плащ		
nobody 	никто		
shock 	потрясать, шокировать, потрясение, удар, шок		
speed 	ускорять, скорость, скоростной		
tea 	чай, чайный		
tone 	оттенок		
wing 	крыло		
thought 	думать, мысль		
dim 	затемнять, тусклый		
flower 	цветок, цветочный		
report 	сообщать, сообщение		
today 	сегодня		
teeth 	зуб, зубной		
fred 	фред		
bare 	чистый		
yellow 	желтый		
breakfast 	завтрак		
jam 	зажимать, замятие, давка, джем, затор		
journey 	путешествие, поездка		
ruin 	разрушать, крах		
attack 	атаковать, атака, нападение		
putt 	легкий, удар		
bottle 	разливать по бутылкам, бутылка		
frighten 	пугать		
servant 	слуга		
flash 	высвечивать, вспышка		
immediate 	безотлагательный, непосредственный		
bound 	связывать, граничить, граница, прыжок, связанный		
single 	единственный		
concern 	беспокоиться, касаться, заниматься, беспокойство, концерн		
afterward 	впоследствии		
rule 	управлять, правило		
snap 	ломать, щелкать, щелчок, мгновенный		
bell 	сигнал, колокол		
sweep 	подметать, инф)развертывать, развертка		
control 	управлять, управление, управляющий		
passage 	проход, проезд		
square 	квадрат, квадратный		
tire 	уставать, шина		
cup 	чашка		
fix 	устанавливать, фиксировать, ремонтировать, исправление		
fresh 	свежий		
huge 	огромный		
aside 	в сторону		
rich 	богатый		
tight 	плотный		
bridge 	соединять мостом, мост, бридж		
flat 	квартира, плоский		
madam 	мадам		
song 	песня		
swing 	качать, качание, перепад		
clean 	чистить, чистый, проверенный, как следует		
pack 	упаковывать, заполнять, упаковка		
coat 	покрывать, пальто		
conversation 	разговор		
couple 	соединять, пара		
afternoon 	полдень		
asleep 	спящий		
burst 	лопаться, взрываться, взрыв		
ball 	шар, шаровой		
castle 	замок		
church 	церковь, церковный		
address 	адресовать, обращаться, адрес		
entire 	целый		
unless 	если		
occasion 	случай		
knowledge 	знание		
rat 	крыса, крысиный		
fail 	терпеть неудачу		
steal 	красть, захватывать		
pair 	спаривать, пара		
rain 	лить, дождь		
throat 	горло		
calm 	успокаивать, спокойствие, тихий		
message 	сообщение, послание		
court 	юрид)выигрывать, суд, судебный		
creep 	ползать		
self 	собственная личность, сам, сам, лично		
swift 	быстрый		
character 	символ, характер, символьный, характерный		
companion 	компаньон, побочный		
remark 	замечать, замечание		
desire 	хотеть, желание		
prepare 	подготавливать, готовиться		
wheel 	колесо		
public 	публика, общественный		
vast 	обширный		
wound 	ранить, рана		
bottom 	вникать, низ, нижний		
mighty 	могущественный		
serious 	серьезный		
forth 	далее		
wonderful 	замечательно, замечательный		
charge 	заряжать, экон)предлагать, брать, плата, заряд		
roar 	реветь, рев		
awake 	будить		
corridor 	коридор		
record 	записывать, запись, рекорд, рекордный		
tiny 	небольшой		
gun 	пушка, ружье		
moody 	капризный		
police 	полиция, полицейский		
pound 	колотить, фунт, фунтовый		
experience 	получать, испытывать, опыт		
prove 	доказывать		
scar 	шрам		
wander 	бродить		
check 	проверять, чек, контрольный		
seize 	захватывать		
cool 	охлаждать, холодный		
nanny 	няня		
tonight 	сегодня вечером		
beg 	просить		
twice 	дважды		
bless 	благословлять		
drag 	тащить, помеха		
group 	группировать, группа, групповой		
proper 	соответствующий		
curse 	проклинать, проклятие		
susan 	сюзан		
cave 	пещера		
proud 	гордый		
race 	состязаться, гонка, раса, расовый		
charm 	очаровывать, очаровательный, обаяние, прелесть		
lake 	озеро		
blind 	слепить, штора, слепой		
class 	класс		
struggle 	бороться, борьба		
danger 	опасность, опасный		
double 	удваивать, двойное количество, двойной, вдвойне		
nervous 	нервный		
normal 	нормально, нормальный		
spread 	распространять, простираться, распространение, распростертый		
delight 	приводить в восторг, восхищение		
disappear 	исчезать		
scene 	сцена, инф)изображение		
cast 	бросать, слепок		
flame 	пламя		
obvious 	очевидный		
saint 	святой		
station 	станция		
position 	позиционировать, позиция		
size 	размер		
kitchen 	кухня, кухонный		
duty 	обязанность, пошлина		
tongue 	язык		
branch 	расширять, ветка, отрасль, отделение, отраслевой		
entrance 	вход, вступительный		
express 	выражать, экспресс, срочный, специальный		
history 	история, исторический		
welcome 	добро пожаловать		
mist 	туман		
grin 	ухмыляться, усмешка		
vague 	неопределенный		
anxious 	озабоченный		
busy 	занятый		
fish 	рыба, рыбный		
husband 	муж		
robe 	халат		
board 	совет, доска, инф)плата, транс)борт, на борту		
skin 	кожа, шкура, кожура		
stir 	шевелить		
shop 	делать покупки, магазин, мастерская		
battle 	бороться, борьба, битва		
worth 	стоящий		
dare 	осмеливаться		
judge 	судить, судья, эксперт		
society 	общество		
terror 	террор, ужас		
track 	прослеживать, дорожка		
discover 	обнаруживать		
nine 	девять, девяти		
travel 	путешествовать, перемещать, путешествие, перемещение		
card 	карта		
twist 	скручивать, искривление		
chamber 	палата, камера		
chief 	руководитель, главный		
heaven 	небо		
therefore 	следовательно		
march 	маршировать, марш, март, мартовский		
unknown 	неизвестный		
slope 	уклон		
effort 	усилие		
utter 	произносить, сплошной		
desert 	покидать, пустыня, необитаемый		
glow 	светиться, свечение, разряд		
suggest 	предлагать, советовать, предложенный		
greater 	больше, больший		
pray 	молить		
apparent 	очевидно, явный		
hideous 	уродливый		
metal 	мех)металл		
music 	музыка, ноты, музыкальный		
village 	деревня		
dangerous 	опасный		
everybody 	каждый		
somehow 	как-нибудь		
gaz 	газ, газовый		
respect 	уважать, отношение		
rider 	всадник		
born 	рождаться, рожденный		
wine 	вино		
difficult 	трудно, трудный		
grab 	захватывать, захват		
stupid 	глупый, тупой		
tie 	соединять, соединение, соединительный		
fool 	одурачивать, дурак		
stranger 	незнакомец, новичок, посторонний		
flow 	течь, происходить, поток		
fold 	складывать, свертывать, сгибать, складка, паства		
recall 	восстанавливать, учитывать, возврат, одуш)воспоминание		
row 	грести, колонка		
shin 	голень		
echo 	эхо		
pour 	лить		
tomorrow 	завтра		
animal 	животное		
match 	соответствовать, сочетаться, сопоставлять, спичка, инф)сопоставление, матч, партия		
pile 	кипа		
brief 	резюме, краткий		
level 	выравнивать, уровень		
main 	основа, основной		
private 	частный		
paint 	закрашивать, артс)изображать, краска, закрашивание		
remove 	удалять, удаление		
attempt 	пытаться, попытка		
planet 	астр)планета, планетарный		
ward 	отражать, опекаемый		
writ 	исполнительный, лист		
command 	приказывать, командовать, команда, командный		
spy 	шпионить, шпион, слежение, шпионский		
although 	хотя		
chain 	подключать, цепь, последовательность, цепной		
quarter 	четверть, квартал, четвертак		
anybody 	кто-нибудь		
circumstance 	обстоятельство		
hiss 	освистывать, шипеть		
sad 	печальный		
aware 	знающий		
trace 	прослеживать, след, трассировка, чуть-чуть		
action 	действие, иск		
angel 	ангел		
fifty 	пятьдесят, пятидесятый, пятидесяти		
problem 	проблема, проблемный		
summer 	лето, сумматор, летний		
steady 	устойчивый		
detail 	описывать, подробно, деталь, подробный		
firm 	фирма, твердый		
halt 	останавливать, останов		
opinion 	мнение		
spell 	писать по буквам		
granny 	бабушка		
bill 	выставлять счет, счет, купюра, законопроект, афиша, клюв, билл		
especial 	особенный		
weak 	слабый		
page 	страница, страничный		
special 	специальный		
inch 	дюйм, дюймовый		
speech 	речь, речевой		
wash 	мыть, стирка, примочка		
gasp 	задыхаться		
task 	задача, задание		
boot 	загружать, пинать, ботинок, багажник, инф)загрузка		
candle 	свеча		
cheek 	щека		
extreme 	предел, экстремальный		
hell 	ад		
eight 	восемь, восьми		
hint 	намек		
necessary 	необходимо, необходимый		
term 	характеризовать, срок, условие, термин		
impossible 	невозможно, невозможный		
kick 	бить, удар		
reveal 	показывать, обнаруживать		
closer 	ближе, ближний		
movement 	перемещение		
presence 	присутствие, наличие		
suffer 	страдать		
beauty 	красота		
dreadful 	ужасный		
gleam 	блестеть, проблеск		
occur 	происходить		
rid 	освобождать, избавлять		
rough 	грубый		
broad 	широкий		
jane 	джейн		
pleasant 	приятный		
breast 	грудь, грудной		
post 	посылать, пост, сообщение		
rope 	веревка		
bone 	кость, костный		
evident 	очевидный		
parent 	родитель, родительский		
student 	студент, студенческий		
youth 	молодость		
future 	будущее, будущий		
trunk 	шина		
absolute 	абсолютный		
admit 	допускать		
lee 	укрытие, подветренный		
queer 	необычный		
thus 	таким образом		
wise 	мудрый		
excuse 	извинять, извинение		
carrot 	морковь, морковный		
comfort 	успокаивать, удобство		
surface 	всплывать, поверхность, поверхностный		
alarm 	тревожить, тревога, аварийный		
shine 	сиять, лоск		
shore 	берег		
tap 	подключать, отвод		
tip 	откидывать, конец		
weapon 	оружие		
belong 	принадлежать		
charles 	чарльз		
peace 	мир, мирный		
smooth 	разглаживать, плавный, гладкий		
dwell 	задерживаться, останавливаться, задержка		
enjoy 	наслаждаться, любить		
float 	плавать, поплавок, инф)функция преобразования, переменный		
lamp 	лампа, фонарь, фонарный		
occasional 	случайный, редкий		
peer 	равняться, сверстник, равный		
fad 	поветрие		
machine 	машина, машинный		
regard 	считать, отношение		
screen 	отгораживать, экран, экранный		
murmur 	роптать, ропот		
beard 	борода		
joe 	джо		
loose 	освобождать, свободный		
scrooge 	скряга		
fashion 	изготавливать, способ		
suit 	подходить, иск, судебное дело, костюм		
dozen 	дюжина		
flight 	полет, рейс, полетный		
officer 	должностное, лицо, воен)офицер		
dawn 	рассветать, рассвет		
crown 	венчать, корона		
various 	различный		
apart 	отдельно		
destroy 	уничтожать		
drift 	дрейф, постепенный		
information 	информация, информационный		
tail 	выслеживать, плестись, хвост		
chest 	ящик, грудь, грудной		
event 	случай, инф)событие		
familiar 	знакомый, похожий		
language 	язык, языковой		
weary 	утомительный, усталый		
personal 	персональный		
produce 	производить, создавать, выдача		
share 	распространять, делить, акция, доля, акционерный		
assure 	гарантировать		
desperate 	отчаянно, отчаянный		
appearance 	появление, вид, внешность		
dread 	страшиться, страх, страшный		
gentlemen 	господа		
thirty 	тридцать, тридцати		
crawl 	ползать, кроль		
guide 	вести, руководство		
weight 	нагружать, весить, вес		
awful 	ужасный		
contain 	содержать, содержание		
glimpse 	проблеск		
worst 	наихудший		
condition 	оценивать, условие, состояние		
library 	библиотека, библиотечный		
tunnel 	прокладывать, туннель, туннельный		
honour 	выполнять, акцептовать, почитать, честь		
opposite 	напротив, противоположный		
phone 	звонить, телефон, телефонный		
clutch 	хватать, сцепление, фиксатор		
fat 	жир, жирный		
million 	миллион, миллионный		
serve 	обслуживать, подавать, воен)служить		
century 	столетие		
comfortable 	комфортабельный		
examine 	изучать, мед)обследовать, проверять, проверка		
result 	происходить, результат		
shire 	графство		
percy 	перси		
avoid 	избегать		
disturb 	мешать		
plate 	пластина, листовой		
pretend 	претендовать, притворяться		
yell 	кричать		
bury 	хоронить, прятать		
cliff 	скала		
handle 	оперировать, ручка		
sell 	продавать, продажа		
accept 	принимать, мириться		
dig 	копать		
excite 	возбуждать		
horn 	сигнал		
rub 	тереть		
advance 	предоставлять, продвигаться, аванс, авансовый		
lad 	парень		
eager 	энергичный, стремящийся		
joy 	радость		
former 	последний, формирователь, прежний		
block 	блокировать, блок, блочный		
dull 	тусклый		
dan 	дан		
host 	хозяин, главный		
ice 	замораживать, лед, ледяной		
mirror 	зеркало, зеркальный		
remind 	напоминать		
visible 	видимый		
height 	высота		
difficulty 	трудность		
england 	англия		
english 	английский, англо		
fur 	мех, меховой		
powerful 	мощный		
twelve 	двенадцать, двенадцати		
dad 	папа		
owl 	сова		
plenty 	много, обильный		
slide 	задвигать, скользить, скольжение, фото)слайд, движок		
wooden 	деревянный		
mistake 	ошибаться, ошибка		
copy 	копировать, копия, копирование		
guest 	гость		
cloth 	ткань		
grim 	жуткий		
impression 	впечатление		
camp 	располагаться лагерем, лагерь		
hum 	напевать, жужжать, жужжание, гул		
sake 	ради		
magical 	магический, волшебный		
park 	парковать, парк		
robot 	робот		
shoe 	башмак, обувной		
damn 	проклинать, ругательство		
soldier 	солдат, солдатский		
forehead 	лоб		
taste 	пробовать, вкус		
choice 	выбор		
curtain 	занавес		
somebody 	кто-то		
doorway 	вход		
luck 	удача		
pipe 	труба		
treat 	обращаться, мед)лечить, инф)обрабатывать, относиться, удовольствие		
crash 	разрушать, авария		
staircase 	лестница		
storm 	воен)штурмовать, шторм, воен)штурм, грозовой		
bet 	ставить, пари		
connect 	соединять, подключать		
shriek 	вопить, вопль		
visitor 	посетитель		
claw 	царапать, коготь		
equal 	равняться, равный		
flee 	избегать, убегать		
aid 	помогать, помощь, аппарат		
carriage 	перевозка, коляска, шасси		
hunt 	охотиться, искать, охота, поиск		
otherwise 	в противном случае, иначе		
prisoner 	заключенный		
satisfy 	удовлетворять		
store 	склад, хранилище, магазин, запас, хранить, сохранять		
weather 	погода		
coffee 	кофе		
older 	более старый		
pity 	жалость		
yesterday 	вчера		
altogether 	вместе		
college 	колледж, университетский		
curl 	крутить, вихрь		
ministry 	министерство		
relief 	облегчение, смена, помощь, пособие, артс)рельеф, рельефный		
shirt 	рубашка		
shudder 	содрогаться, вздрагивать, дрожь		
content 	удовлетворять, содержание, довольный		
mystery 	тайна		
wet 	мокрый		
fortune 	состояние, удача, судьба		
monstrous 	чудовищный		
scarce 	редкий		
increase 	увеличивать, возрастать, увеличение		
rattle 	трещать		
describe 	описывать		
harm 	вредить, вред		
image 	образ, изображение		
sheet 	лист, простыня, листовой		
gap 	промежуток, брешь		
prison 	тюрьма, тюремный		
sail 	плавать, парус, лодка, плавание		
elder 	старший		
egg 	яйцо		
rate 	оценивать, показатель, ставка, темп		
authority 	руководство, полномочие, источник		
cheer 	одобрять, возглас		
engage 	занимать		
fudge 	стряпня, надстроечный		
higher 	выше, более высокий		
computer 	компьютер, компьютерный		
exist 	существовать		
file 	инф)файл, файловый		
sob 	рыдать, рыдание		
island 	остров		
precious 	драгоценный		
button 	кнопка		
howl 	реветь, рев		
member 	член, инф)авто)элемент, воен)участник		
cheerful 	бодрый		
steel 	сталь, стальной		
affair 	дело, роман		
blaze 	гореть, сверкать, пламя		
design 	разрабатывать, воен)создавать, проект, разработка, проектый, расчетный		
arrow 	стрела, инф)стрелка		
beam 	луч, техн)бимс, лучевой		
devil 	дьявол		
load 	загружать, нагрузка, инф)загрузка		
shiver 	дрожать, дрожь		
blast 	взрывать, взрыв, порыв		
brush 	чистить, щетка		
influence 	влиять, влияние		
suspect 	подозревать, подозреваемый, подозрительный		
anywhere 	везде, нигде		
determine 	определять, определение		
funny 	странный		
goblin 	гном		
murder 	убивать, убийство		
solid 	твердое тело, твердый, прочный		
bloody 	кровавый		
giant 	гигант, гигантский		
growl 	рычать, рычание		
rag 	тряпка		
sick 	больной		
spin 	вращать, вращение		
gain 	приобретать, выигрывать, прирост, увеличение		
lesson 	раздел, урок		
map 	отображать, карта		
opportunity 	возможность		
recognize 	признавать, распознавать, осознавать		
accord 	согласовывать, согласие		
marriage 	брак, женитьба		
colon 	двоеточие		
freeze 	замораживать, замерзать, замораживание		
hotel 	отель		
stumble 	спотыкаться, запинаться		
include 	включать		
midnight 	полночь		
refuse 	отклонять, отказываться		
fully 	полностью		
wipe 	стирать, стирание		
choke 	душить, задыхаться, насос		
glitter 	блестеть, блеск		
period 	период, точка		
feeling 	чувствовать, чувство		
grand 	большой		
system 	система, системный		
bitter 	горький, жестоко		
dye 	красить, краска		
forgive 	прощать		
motion 	движение, перемещение, юрид)ходатайство		
rep 	реп, повтор		
handsome 	красивый		
frown 	хмурить		
stage 	этап, сцена, астр)ступень		
type 	набирать, тип		
beast 	зверь		
bread 	хлеб		
excellent 	отлично, отличный		
ourself 	мы сами, мы сами себя		
patient 	пациент, терпеливый		
team 	группа		
trick 	хитрость		
difference 	различие, отличие		
kindle 	разжигать		
pursue 	преследовать, проводить, заниматься		
snake 	змея, змеиный		
blink 	мигать, мигание		
dick 	дик		
lone 	одинокий		
mount 	устанавливать, взбираться, гора, крепление		
security 	безопасность		
trail 	след		
whistle 	свистеть, свист, свисток		
fetch 	выбирать, выборка		
proceed 	продолжать, приступать		
bit 	кусать, сцепляться, бит, кусочек, битовый		
bob 	стричь, рывок, поплавок, боб		
cap 	закрывать, колпачок		
habit 	привычка		
convince 	убеждать		
feature 	представлять, характеристика		
fling 	кидать, бросок		
measure 	измерять, мера		
peak 	пик, максимальный		
fun 	шутка, забавный		
rear 	сооружать, задняя, сторона, задний		
bother 	мешать, беспокойство		
hate 	ненавидеть, ненависть		
operation 	действие, инф)операция, управление		
spare 	беречь, щадить, жалеть, избавлять, запас, свободный		
conscious 	сознательный		
happiness 	счастье		
support 	поддерживать, поддержка		
trip 	поездка		
constant 	константа, постоянный		
keen 	острый, стремящийся		
lightning 	молния		
strain 	напрягать, напряжение		
arrange 	размещать		
backward 	назад, отсталый		
clever 	умный		
lane 	дорожка, тропинка, переулок, авто), полоса движения		
teacher 	учитель		
vision 	зрение, вид		
claim 	требовать, призываться, претензия, иск		
laughter 	смех		
loss 	убыток, потеря		
noble 	благородный		
riddle 	загадка		
vain 	напрасный		
dart 	вытачка, стрела		
doom 	обрекать, судьба, погибель		
evidence 	подтверждение		
fierce 	свирепый		
involve 	включать, связывать		
king 	король		
pool 	пул		
thunder 	греметь, гром		
test 	тестировать, тест		
total 	составлять, итог, общий		
joke 	шутить, шутка		
peculiar 	специфический, типичный		
polite 	вежливый		
cease 	прекращать		
cruel 	жестоко, жестокий		
thoughtful 	внимательный		
definite 	определенный		
legend 	легенда		
sand 	песок		
blame 	обвинять, вина		
chin 	подбородок		
root 	ботан)корень, корневой		
engine 	двигатель, машинный		
hesitate 	сомневаться		
hungry 	голодный		
neat 	хороший		
pride 	гордость		
roger 	роджер		
trot 	рысить, рысь		
ignore 	игнорировать		
interrupt 	прерывать, прерывание		
original 	подлинник, оригинальный, исходный		
possess 	обладать		
stomach 	желудок, желудочный		
torch 	факел, фонарь		
whilst 	пока		
christmas 	рождество, рождественнский		
lucky 	счастливый		
nearest 	ближайший		
puzzle 	озадачивать, задача		
spider 	паук, паучий		
temple 	висок, храм		
upper 	верхний		
baby 	младенец, детский		
despite 	несмотря на		
scratch 	царапать, царапина, временный		
waste 	тратить, отход, геол) пустая, порода		
confidence 	доверие, уверенность		
nigger 	негр		
seal 	заделывать, печать, тюлень		
trap 	перехватывать, ловушка, инф)прерывание		
upstairs 	наверх, наверху		
curiosity 	любопытство		
require 	требовать		
bark 	лаять, лай, кора		
driver 	водитель, инф)драйвер, драйверный		
hasty 	поспешный		
innocent 	невиновный		
plant 	устанавливать, завод, ботан)растение		
treasure 	сокровище, ценный		
universe 	вселенная, мир		
william 	вильям		
alien 	отчуждать, иностранец, чуждый		
due 	точно, подлежащий, должный		
heel 	каблук, пятка		
inquire 	запрашивать		
moonlight 	лунный, свет		
attend 	посещать		
haunt 	преследовать, обитать, призрак		
steam 	парить, пар		
farther 	далее		
forbid 	запрещать		
mix 	смешивать, смешивание, структура		
print 	печатать, издавать, отпечаток, инф)распечатка		
quality 	качество		
armor 	броня		
colonel 	полковник		
diary 	дневник		
hollow 	долбить, дупло, полый, пустой		
intend 	предполагать, собираться, предназначаться		
region 	регион, инф)область		
swim 	плавать, плавание, поплыть		
upward 	вверх		
wrist 	запястье, ручной		
hood 	капот, капюшон		
prevent 	предохранять, предотвращать, мешать, предотвращение		
whenever 	всякий раз, когда		
wolf 	волк		
amount 	составлять, сумма, объем		
anger 	гнев		
descend 	сходить		
coach 	тренировать, тренер, экипаж, вагон		
credit 	кредитовать, кредит, доверие, кредитный		
invisible 	невидимый		
pant 	задыхаться, вздох		
patch 	исправлять, корректор, воен)нашивка		
sweat 	потеть, пот		
club 	ударять, клуб		
date 	датировать, дата		
excitement 	возбуждение		
heat 	нагревать, тепло, жара		
nerve 	нерв, нервный		
bay 	ставить в безвыходное положение, бухта, залив, панель		
emerge 	возникать		
everywhere 	везде		
fault 	дефект, дефектный		
fog 	туман		
separate 	разделять, отдельный		
stiff 	негнущийся		
truck 	грузовик		
exclaim 	восклицать		
flicker 	мерцать, мерцание		
miserable 	несчастный, жалкий		
staff 	персонал		
brave 	смелый		
crime 	преступление		
existence 	существование		
oblige 	обязывать		
thrust 	толкать, тяга, толчок		
wrap 	завертывать		
poison 	отравлять, яд		
swallow 	поглощать, глотать, ласточка		
delicate 	деликатный, хрупкий		
jaw 	челюсть		
meal 	еда		
mental 	умственный		
vault 	перепрыгивать, хранилище, склеп		
bedroom 	спальня		
current 	течение, элек)ток, текущий, современный		
frequent 	частый, распространенный		
summon 	вызывать, созывать		
cook 	готовить, повар, кук, поваренный		
pace 	темп, шаг		
scrap 	выбрасывать, конфетти		
color 	окрашивать, цвет, цветной		
gloom 	мрак		
okay 	окей		
source 	источник, исходный		
teach 	учить		
conceal 	скрывать		
department 	отдел		
instrument 	инструмент, орудие, прибор, докм)документ		
reflect 	отражать		
release 	выпускать, выпуск, инф)версия		
shade 	затенять, оттенок, тень, экран		
signal 	сигнализировать, сигнал, сигнальный		
suspicion 	подозрение		
amaze 	изумлять		
latter 	последний		
pardon 	прощать, прощение		
squeeze 	сжимать		
violent 	сильный		
bye 	пока		
considerable 	значительный		
energy 	энергия, энергетический		
exchange 	заменять, замена, обменивать, биржа, биржевой, инф)обмен, комм)станция		
furious 	взбешенный		
madness 	безумец		
material 	материал, вещество, данные, факты, материальный		
mysterious 	загадочный		
surround 	окружать		
unhappy 	неудачный, несчастливый		
being 	быть, являться		
gaze 	глядеть, пристально		
gradual 	постепенный		
honest 	честный		
mail 	пересылать, почта		
lodge 	домик		
resolve 	решать		
situation 	ситуация		
army 	армия, армейский		
correct 	корректировать, правильно, правильный		
heap 	нагромождать, куча		
immense 	огромный		
local 	локальный		
barnacle 	прилипала		
cling 	цепляться		
depth 	глубина, глубинный		
handkerchief 	платок		
rapid 	быстрый		
stroke 	удар, штриховой		
bang 	ударять, удар		
list 	указывать, список		
pan 	промывать, инф)фото)панарамировать, сковорода, плавный		
petunia 	петуния		
scatter 	разбрасывать, разброс, фрагментированный		
scramble 	смешивать, бросаться, свалка		
toss 	подбрасывать, толчок		
trade 	торговать, торговля, торговый		
traveller 	путешественник, дорожный		
adventure 	рисковать, риск		
clap 	хлопать		
impatient 	нетерпеливый		
regular 	регулярный		
retire 	уходить в отставку		
useful 	полезный		
belt 	ремень, лента, ленточный		
brick 	кирпич, брусок, кирпичный		
forty 	сорок, сорока		
guy 	парень		
intention 	намерение, стремление		
monkey 	обезьяна		
nasty 	противный		
provide 	обеспечивать, предоставлять		
assume 	принимать		
cigarette 	сигарета, сигаретный		
dollar 	доллар		
groan 	стонать, стон		
inform 	сообщать, информировать		
leader 	лидер, начало		
somewhat 	отчасти		
dirty 	грязный		
elbow 	толкать, локоть		
enormous 	огромный		
monster 	чудовище		
recent 	последний		
shelter 	укрывать, защита		
shift 	перемещать, инф)сдвигать, перемещение, инф)сдвиг		
stern 	твердый		
supper 	ужин		
aloud 	громко, вслух		
damp 	демпфировать, торможение, влажный, сырой		
degree 	степень, градус, градусный		
pink 	розовый		
relax 	ослаблять, ослабевать, непринужденный		
sooner 	раньше, скорее		
younger 	младший		
fan 	раздувать, обмахивать, вентилятор, фанат		
gas 	газ, газовый		
temper 	характер, настроение		
cousin 	кузен		
famous 	знаменитый		
leather 	кожа, кожанный		
recover 	восстанавливать		
regret 	сожаление		
satisfaction 	удовлетворение		
sergeant 	сержант		
smart 	умный		
uneasy 	встревоженный		
din 	вдалбливать, грохот		
fir 	пихта, пихтовый		
gesture 	жест		
previous 	предшествующий		
pure 	чистый		
cabin 	кабина, хижина		
moan 	стонать, стон		
pry 	подглядывать, рычаг		
winter 	зима, зимний		
accident 	авария, случайность, аварийный		
alley 	аллея		
endless 	бесконечный		
secure 	обеспечивать, закреплять, безопасный		
telephone 	комм)звонить, телефон, телефонный		
earnest 	серьезный, задаток		
flora 	флора		
flutter 	развеваться, дрожание		
frank 	откровенный		
rare 	редкий		
arise 	возникать		
blade 	насаживать лопасть(лезвие), лопасть(лезвие)		
despair 	отчаяние		
painful 	болезненный		
mum 	мама		
portrait 	портрет, портретный		
shame 	стыд, позор		
skull 	череп		
solemn 	торжественный		
troll 	распевать, тролль		
abyss 	пучина		
blank 	пробел, бланк, чистый, пустой		
brilliant 	блестящий		
hospital 	больница		
passion 	страсть		
paw 	копать, лапа		
sunset 	заход солнца		
unfortunate 	неудачный		
argue 	доказывать, спорить		
display 	отображать, показ, инф)дисплей, дисплейный		
emotion 	чувство, волнение		
infinite 	бесконечный		
rank 	ранжировать, ранг, ранговый		
remote 	дистанционный		
admire 	восхищаться		
contact 	обращаться к, контакт, контактный		
curve 	изгибать, кривая		
depart 	уезжать		
forever 	навсегда		
hero 	герой		
intelligence 	интеллект, воен)разведка		
meanwhile 	тем временем		
ordinary 	обычный		
peril 	риск		
pony 	пони		
risk 	рисковать, риск		
shrug 	пожимать плечами, авто)дергаться		
steep 	крутой		
switch 	переключать, выключать, ключ		
chill 	охлаждать, холод, простуда		
extraordinary 	поразительно, чрезвычайный		
flesh 	плоть		
imagination 	воображение		
pin 	прикалывать, штырек, штырьковый		
pit 	геол)шахта, косточка, яма		
snarl 	рычать, рычание		
yawn 	зевать		
area 	область		
balance 	балансировать, баланс, сбалансированный		
declare 	объявлять, заявлять		
witness 	свидетельствовать, свидетель		
advice 	совет, авизо, извещение		
bowl 	чашка, кубок, унитаз		
connection 	связь, соединение		
demand 	требовать, требование, экон)спрос		
fifteen 	пятнадцать, пятнадцати		
relieve 	облегчать, освобождать		
tent 	палатка		
advantage 	преимущество, выгода		
affection 	любовь		
bolt 	скреплять, запирать, болт, удар		
confuse 	спутывать		
creak 	скрипеть, скрип		
deserve 	заслуживать		
nail 	прибивать, гвоздь, ноготь		
border 	граничить, граница, край, граничный		
cellar 	подвал		
footstep 	след, шаг		
frightful 	ужасный		
jerk 	дергать, толчок		
occupy 	занимать		
pet 	баловать, домашнее, животное		
reality 	действительность		
singular 	единственный		
succeed 	получать, добиваться успеха, удаваться		
survive 	сохраняться, выживать		
trouser 	брючный		
tumble 	обрушивать, падение		
uniform 	униформа, однородный, равномерный, единый		
arch 	свод, арка		
crush 	дробить, дробление		
ease 	снижать, удобство		
grateful 	благодарный		
marsh 	болото, болотный		
agent 	агент		
custom 	обычай, потр)заказ, заказной		
feast 	праздник		
fist 	кулак		
mass 	массировать, масса, месса, массовый		
nameless 	безымянный		
remarkable 	замечательно, замечательный		
stamp 	отмечать, марка, штамп, отметка		
suspicious 	подозрительный		
insist 	настаивать		
marble 	мрамор, мраморный		
plane 	плоскость, самолет		
plunge 	погружать, падение		
refer 	отсылать, ссылаться		
unusual 	необычный, необычно		
bath 	ванна		
consciousness 	сознание		
fate 	судьба		
hammer 	заколачивать, молот		
league 	лига, союз		
mansion 	особняк		
meat 	мясо, мясной		
affect 	влиять на		
bench 	скамейка, верстак, станок		
duke 	герцог		
grasp 	понимать, понимание, хватка		
lantern 	фонарь		
practical 	практический		
strip 	удалять, полоса		
weep 	плакать		
arrest 	останавливать, задержание		
broom 	метла		
hark 	слушать		
labour 	трудиться, труд, рабочий		
limb 	конечность		
papa 	папа		
practice 	практиковать, практика		
sensation 	ощущение, сенсация		
sin 	грех		
stride 	шагать, большой, шаг		
twilight 	сумерки		
buck 	противодействовать, самец		
center 	центрировать, центр		
discovery 	открытие, конт)страх)обнаружение		
discuss 	обсуждать		
pillar 	колонна, столп		
scale 	масштабировать, шкала, масштабный		
startle 	пугать, поражать		
twin 	двойной		
whip 	хлестать, взбивать, хлыст, кнут		
acquaintance 	знакомство		
false 	ложь, ложный		
feather 	перо		
outer 	внешний		
thumb 	большой, палец, поворотный		
urge 	понуждать, убеждать		
centre 	центрировать, центр, центральный		
gloomy 	мрачный		
inquiry 	вопрос, запрос		
nurse 	нянчить, сестра		
prefer 	предпочитать		
sorrow 	печаль, печальный		
weird 	странный		
astonish 	удивлять		
band 	связывать, полоса, оркестр, ленточный		
brow 	бровь		
building 	строить, инф)формировать, построение, здание, строительный		
click 	щелкать, щелчок		
hush 	успокаивать, тишина		
jack 	джек, инф)гнездо, домкрат		
palace 	дворец, дворцовый		
palm 	ладонь, пальма		
reflection 	отражение		
request 	просить, инф)запрашивать, просьба, инф)запрос		
sideway 	окольный, путь		
slam 	захлопывать, хлопанье		
sunlight 	солнечный свет		
unlike 	в отличие от		
explanation 	объяснение		
farewell 	прощание, прощальный		
ham 	ветчина		
health 	здоровье		
limit 	ограничивать, предел		
uncomfortable 	неудобный		
accompany 	сопровождать		
citizen 	гражданин		
deny 	отвергать, отрицать		
distinct 	четкий		
example 	пример		
grant 	предоставлять, дар, конт)предоставление, субсидия, стипендия		
nearby 	соседний		
cell 	ячейка, мед)клетка		
extra 	дополнительный		
lunch 	завтракать, ленч		
platform 	платформа		
polish 	шлифовать, отделка, польский		
possession 	владение		
stain 	пятнать, пятно		
suggestion 	предложение		
theory 	теория		
cage 	помещать в клетку, клетка		
cart 	повозка		
incline 	отклоняться		
introduce 	вводить, представлять		
mortal 	смертельный		
needle 	игла		
nonsense 	бессмыслица		
price 	оценивать, цена		
absence 	отсутствие, отсутствующий		
pen 	сочинять, ручка, загон		
social 	общественный, социальный		
stock 	акция, запас, фондовый		
sufficient 	достаточный		
faster 	быстрее, более быстрый		
hello 	привет		
hook 	перехватывать, захват, рычажный		
inner 	внутренний		
nightmare 	кошмар		
process 	обрабатывать, процесс		
sparkler 	шутиха		
venture 	осмеливаться, предприятие		
basket 	корзина		
chap 	трещина		
chimney 	труба		
lett 	латыш		
link 	связывать, связь, прес)ссылка		
milk 	доить, молоко, молочный		
persuade 	убеждать		
similar 	аналогичный, подобный		
skill 	умение		
subtle 	тонкий		
sway 	колебаться,отклоняться, колебание		
tread 	идти, шаг		
bold 	жирный шрифт, смелый		
cake 	спекаться, торт, кусок		
carve 	резать		
female 	самка, женщина, женский		
physical 	медицинский, осмотр, физический		
purple 	пурпурный		
silk 	шелк, шелковый		
stoop 	наклонять		
tick 	тикать, метка		
value 	оценивать, величина, значение		
bush 	кустарник, буш		
deliver 	доставлять		
feeble 	хилый		
gift 	дар (подарок), артс)талант		
hey 	эй		
pattern 	формировать, образец		
realm 	область		
represent 	представлять		
seldom 	редко		
smaller 	меньше, меньший		
thorough 	тщательный		
base 	базировать, база, базовый		
demon 	демон		
fragment 	фрагментировать, фрагмент		
gay 	веселый		
mood 	настроение		
preserve 	сохранять		
tender 	предлагать, предложение, нежный, тендерный		
unable 	не в состоянии		
unconscious 	бессознательный		
abandon 	покидать, отказываться от		
distress 	беспокоить, авария, огорчение		
ere 	перед, прежде чем		
spite 	злость		
french 	французский, по-французски, франко		
perceive 	воспринимать		
property 	собственность, свойство		
statue 	статуя		
toe 	палец ноги		
cost 	стоить, стоимость		
cottage 	коттедж, домашний		
develop 	разрабатывать, разработка, фото)проявлять		
individual 	личность, индивидуальный		
intent 	намерение, пристальный		
scholar 	ученый		
tide 	прилив и отлив, поток, течение		
barrel 	бочка, баррель, барабанный		
bundle 	связывать в узел, пучок		
partner 	партнер		
photograph 	фотографировать, фотография		
pierce 	прокалывать		
scent 	аромат, запах, духи		
daylight 	дневной, свет		
official 	чиновник, официальный		
propose 	предлагать, предложение		
relation 	отношение		
sensible 	значительный		
terrify 	ужасать		
threaten 	угрожать		
ash 	зола, пепел, ясень		
chase 	гнаться, погоня		
eyebrow 	бровь		
fruit 	плод, фрукт, фруктовый		
grief 	горе		
market 	экон)реализовать, рынок, рыночный		
mask 	маскировать, маска		
melt 	плавить, таять, плавка		
midst 	среди		
player 	игрок		
restore 	восстанавливать, восстановление		
rouse 	будить		
sleeve 	рукав		
tomb 	могила		
yield 	давать, уступать, сдаваться, продукт		
bore 	сверлить, бурить, надоедать, отверстие, зануда		
collar 	воротник		
consequence 	последствие, последовательность		
foreign 	иностранный		
greet 	приветствовать		
range 	колебаться, дипазон, область		
rescue 	спасать, освобождение		
champion 	чемпион		
depend 	зависеть		
drown 	тонуть		
eventual 	возможный		
filch 	стащить		
foul 	грязный, бесчестный		
goodness 	хорошее, качество		
holiday 	праздник		
loom 	виднеться, надвигаться, ткацкий, станок		
mill 	молоть, фрезеровать, фабрика, мельница		
potion 	зелье		
score 	оценивать, засчитываться, оценка, счет, метка		
success 	успех		
wink 	мигать, миг		
announce 	заявлять		
arrangement 	размещение		
article 	прес)статья		
attach 	подключать, прилагать		
blush 	краснеть		
cautious 	осторожный		
favour 	польза		
hug 	обнимать, объятие		
newspaper 	граф)газета, газетный		
royal 	королевский		
wherever 	где бы ни, где бы (куда бы)		
wretch 	несчастный		
clue 	ключ		
dash 	бросаться, бросок		
extend 	расширять, распространять, расширенный		
faithful 	верный		
kingdom 	королевство		
profound 	глубокий		
resume 	продолжать, резюме, итоговый		
shove 	толкать		
conduct 	проводить, поведение		
noon 	полдень		
president 	президент		
shed 	распространять		
shell 	оболочка		
sunday 	воскресенье, воскресный, в воскресенье		
agree 	соглашаться, договариваться, согласовывать		
angle 	угол		
auditor 	аудитор, аудиторский		
disguise 	маскировать, маскировка		
eleven 	одиннадцать, одиннадцати		
perform 	выполнять		
coin 	монета		
darling 	дорогой		
drawer 	трассант, секция, ящик		
liberty 	свобода, свободный		
lurk 	притаиться		
positive 	положительный		
resist 	сопротивляться, противостоять		
reward 	награждать, вознаграждение		
belief 	убеждение		
coffin 	гроб		
courage 	смелость		
dimension 	измерение		
grandfather 	дед		
librarian 	библиотекарь		
swear 	присягать, клясться, ругаться		
tin 	лудить, банка, олово, жесть, жестяной		
urgent 	неотложный		
valentine 	валентин		
bid 	предлагать, приказывать, предложение, попытка, тендерный		
bunch 	связка, пучок, группа		
flood 	затоплять, наводнение		
hearty 	искренний		
heave 	бросать, вздыматься, рвать, бросок		
lack 	недоставать, недостаток, отсутствие		
lid 	крышка		
mud 	грязь		
snatch 	хватать		
stare 	смотреть, пристально		
thread 	заправлять, резьба, нить		
widow 	вдова		
afford 	предоставлять, позволить себе		
butter 	масло		
comrade 	товарищ		
instance 	пример		
outline 	очерчивать, схема, эскиз, структурированный		
parchment 	пергамент, пергаментный		
wire 	телеграфировать, провод, проводной		
envelope 	докм)конверт, групповой		
foolish 	глупый		
harder 	труднее, тверже, более упорно, более трудный		
incredible 	невероятный		
modern 	современный		
ponder 	обдумывать		
praise 	хвалить, похвала		
reference 	ссылаться, ссылка		
rob 	грабить, роб		
supreme 	высший, верховный		
aim 	стремиться, цель		
grace 	грация		
knight 	рыцарь		
panic 	паниковать, паника		
bomb 	бомбить, бомба, бомбовый		
counsel 	рекомендовать, совещание		
dislike 	испытывать, неприязнь к, антипатия		
glove 	перчатка		
lap 	колено, круг		
sinister 	зловещий		
stagger 	потрясать, шататься		
symbol 	символ, символьный		
bigger 	больше, больший		
burden 	перегружать, бремя, ноша		
collect 	собирать		
fourth 	четвертый		
grip 	захватывать, зажим, чемодан		
ladder 	лестница, цепная схема		
pitch 	бросать, шаг		
pot 	горшок		
protect 	защищать, защита		
reluctant 	сопротивляющийся		
unit 	устройство, подразделение (воен)		
abroad 	за границей		
bat 	бить, дубинка, командный файл, летучая мышь		
capture 	захватывать, сбор		
downstairs 	внизу		
freedom 	свобода		
importance 	значение		
inn 	гостиница		
invite 	приглашать		
jordan 	иордания, иорданский		
massive 	огромный		
wit 	ум		
amongst 	среди		
concentrate 	концентрировать		
consideration 	соображение		
crazy 	сумашедший		
helmet 	каска		
linger 	задерживаться		
messenger 	посыльный		
mock 	высмеивать, фиктивный		
safety 	безопасность, безопасный		
triumph 	торжествовать, триумф		
wisdom 	мудрость		
american 	американец, американский, америко		
chocolate 	шоколад, шоколадный		
cluster 	окружать, группа, кластерный		
jacket 	куртка, суперобложка, конверт		
rage 	бушевать, ярость		
reef 	риф		
sofa 	диван		
basil 	базилик		
compliment 	приветствовать, комплимент		
fascinate 	увлекать		
ghoul 	вампир		
hoarse 	хриплый		
improve 	улучшать		
log 	регистрировать, бревно, регистрация, инф)протокол, журнал, регистрационный		
peter 	питер		
skirt 	юбка		
slay 	убивать		
sum 	суммировать, сумма, итог		
supple 	гибкий		
swell 	распухать		
agreeable 	приемлемый, отвечающий		
apple 	яблоко, инф)И)эппл, яблочный		
confusion 	неразбериха		
device 	устройство		
devote 	посвящать себя		
downward 	вниз, спад		
fleet 	флот		
frame 	фрейм, фреймовый		
overhead 	наверху, подвесной, потеря		
pop 	выталкивать		
split 	разделять, разделение, разделенный		
stroll 	бродить, прогуливаться		
assemble 	собирать, монтировать		
beer 	пиво		
boil 	кипятить, кипеть, варить, фурункул		
boom 	грохотать, процветать, расти, бум, грохот, подъем, шумный		
complain 	жаловаться		
delay 	задерживать, задержка		
edward 	эдвард		
flap 	развеваться, взмах		
focus 	фокусировать, фокус		
fond 	любящий		
jewel 	драгоценность, драгоценный камень		
panel 	обшивать, панель, панельный		
prince 	принц, князь		
shawn 	шон		
sleepy 	сонный		
tug 	буксировать, буксир		
amuse 	забавлять		
ankh 	крест		
carpet 	ковер		
confess 	признавать		
counter 	счетчик, прилавок, встречный		
glint 	блестеть, блеск		
government 	союз)правительство, инф)руководство, государственный, правительственный		
impress 	производить впечатление		
relate 	связывать		
ridge 	гребень		
specter 	призрак		
squeak 	скрипеть, скрип		
suck 	сосать		
tuck 	подоткнуть, вытачка		
description 	описание		
hunter 	охотник		
irish 	ирландский		
mild 	мягкий		
mistress 	госпожа		
permit 	разрешать, разрешение		
protest 	протестовать против, протестовать, протест		
ticket 	билет, удостоверение		
unlock 	деблокировать		
disappoint 	разочаровывать		
gang 	комплект, галетный		
issue 	выпускать, передавать, передача, прес)выпуск		
obtain 	получать		
oil 	смазывать, нефть, авто)артс)масло, масляный, нефтяной		
progress 	развиваться, прогресс		
rumble 	громыхать, грохот		
sniff 	нюхать, шмыгать		
glide 	скользить, планировать		
lest 	если		
obscure 	затемнять, затемненный		
veil 	вуалировать, вуаль		
amidst 	среди		
artist 	артс)художник		
camera 	камера		
cheap 	дешевый		
disgust 	вызывать отвращение, отвращение		
flush 	сбрасывать, промывать, краска		
friendship 	дружба		
parlour 	гостиная		
sailor 	моряк		
sheer 	чистый, абсолютный		
specimen 	образец, типовой		
ashamed 	стыдно		
axe 	топор		
brood 	выводок		
conclusion 	вывод		
ink 	чернила, артс)краска, чернильный		
mumble 	бормотать, бормотание		
owner 	владелец		
pie 	пирог		
quiver 	дрожать, колчан		
ankle 	щиколотка		
anymore 	больше		
bubble 	пузырь, пузырьковый		
clerk 	клерк		
idle 	ожидание, холостой, праздный, ленивый		
interval 	интервал		
muscle 	мускул, мышца		
pressure 	давление		
radio 	радио		
ray 	луч, рэй		
spear 	пронзать, копье		
unpleasant 	неприятный		
cavern 	пещера		
darken 	темнеть		
decision 	решение		
fence 	огораживать, фехтовать, ограждение		
harsh 	жесткий		
instruction 	инструкция, команда		
limp 	хромать		
possibility 	возможность		
spectacle 	зрелище		
torture 	пытать, пытка		
victim 	жертва		
arrival 	прибытие, поступление		
broomstick 	метла		
clasp 	прижимать, застегиваться, застежка, пожатие		
encourage 	способствовать, содействовать, поощрительный		
exercise 	осуществлять, упражнение		
favourite 	любимый		
ocean 	океан, океанский		
punch 	перфорировать, перфоратор		
render 	предоставлять		
rip 	разрывать		
sack 	ссыпать, грабить, мешок, грабеж		
whirl 	кружить		
wick 	фитиль		
attract 	привлекать		
bleed 	кровоточить		
ernest 	эрнест		
fright 	испуг		
heal 	излечивать, заживать		
kindness 	доброта		
net 	сеть, нетто, чистый		
oxford 	оксфорд		
patrician 	патриций		
science 	наука		
style 	стиль		
sweeper 	подметальщик		
audience 	аудитория, публика, аудиенция		
clad 	одевать, одетый		
gigantic 	гигантский		
lawn 	газон		
professional 	профессионал, профессиональный		
unexpected 	неожиданный		
university 	университет, университетский		
violet 	фиалка, фиолетовый		
awkward 	неудобный		
buzz 	жужжать		
cough 	кашлять, кашель		
dish 	подавать, блюдо		
fang 	клык		
muffle 	закутывать, глушить		
pillow 	подушка		
shield 	элек)экранировать, защищать, экран		
slave 	раб, дублирующий		
alas 	увы		
breeze 	бриз		
drip 	капать		
exhaust 	исчерпывать, выхлоп, выпускной, выхлопной		
hover 	реять, колебаться		
quest 	поиски		
severe 	серьезный		
tend 	иметь тенденцию, стремиться		
anxiety 	беспокойство		
appeal 	юрид)апеллировать, обращаться, апелляция		
astonishment 	удивление		
cable 	телеграфировать, кабель, телеграмма, кабельный		
consult 	обращаться к, инф)получать		
drum 	барабанить, барабан		
electric 	электрический		
haul 	тянуть, транспортировка, связь		
knot 	завязывать узлом, узел		
proof 	доказательство, устойчивый		
relative 	относительный		
reserve 	резервировать, резерв, резервный		
sentence 	предложение, приговор		
spark 	искра		
tray 	поддон		
aspect 	аспект		
bathroom 	ванная		
column 	колонна, инф)прог)столбец		
eastern 	восточный		
encounter 	встречать		
farm 	заниматься фермерством, ферма, сельскохозяйственный		
justice 	законность, судья		
menace 	угрожать, угроза		
monk 	монах		
northern 	северный		
raft 	плот		
blackness 	чернота		
blanket 	одеяло, покров, комплексный		
casual 	случайный		
crumble 	распадаться		
eastward 	к востоку, восточный		
project 	планировать, выступать, проект		
tangle 	запутывать		
thou 	хотя		
alter 	изменять		
behold 	созерцать		
corpse 	труп		
damage 	повреждать, ущерб, возмещение убытков, аварийный		
duck 	нагибаться, утка		
fork 	вилка		
furniture 	мебель, обстановка		
heir 	наследник		
hopeful 	многообещающий		
orange 	апельсин, апельсиновый		
peep 	подглядывать		
per 	за, на, в		
port 	переносить, порт		
puff 	пуховка		
purchase 	приобретать, приобретение		
splendid 	великолепный		
worthy 	достойный		
birthday 	день рождения		
faith 	вера		
hasten 	торопиться		
military 	воен)военный		
morrow 	завтра		
notion 	понятие		
pig 	свинья		
prospect 	искать, перспектива		
saturday 	суббота, субботний, в субботу		
sip 	глоток		
straighten 	выпрямлять		
uncertain 	неопределенный		
upright 	прямой		
betray 	предавать		
breathe 	дышать		
communication 	связь		
crystal 	кристалл, кристаллический		
embrace 	охватывать (обнимать), заключать, объятие		
fortunate 	удачный		
grippe 	грипп		
gulf 	залив		
powder 	пудрить, порошок, пудра, порох, порошковый		
rail 	бранить, шина, железнодорожный		
rustle 	шелестеть, шелест, шорох		
unicorn 	единорог		
wail 	вопить, вопль		
argument 	аргумент		
clatter 	цокать, цокот		
grotesque 	абсурдный		
grunt 	хрюкать, хрюкание		
haste 	опрометчивость		
keeper 	хранитель		
lover 	любовник		
pavement 	тротуар		
pine 	сосна		
research 	исследовать, исследование, научно-исследовательский		
associate 	соединять, ассоциировать, коллега		
bed 	постель, постельный, кровать, геол)пласт		
delightful 	прелестный		
explore 	изучать		
flag 	сигнализировать, флаг		
marvel 	дивиться, чудо		
pursuit 	поиск		
savage 	дикарь, дикий, жестокий		
section 	секция, раздел		
tense 	напрягать, время, напряженный		
tremendous 	огромный		
upset 	нарушать		
advise 	сообщать, совет, обдуманный		
cream 	сливки, крем, сливочный		
dot 	ставить точку, точка, точечный		
drug 	лекарство		
fury 	ярость		
gracious 	любезный		
helm 	руль		
kitty 	котенок		
male 	самец, мужской		
mistaken 	ошибаться, ошибочный		
nay 	нет		
retreat 	отступать, отступление		
rim 	обод		
survey 	осматривать, обследование, обзор, астр)съемка		
traffic 	движение, трафик		
ultimate 	окончательный		
unseen 	невидимый		
western 	западный		
bounce 	прыгать, скачок, рикошет, упругость		
commit 	совершать		
criminal 	преступник, уголовный		
div 	деление		
doubtful 	сомнительный		
dungeon 	темница		
dusk 	сумерки		
eagle 	орел		
invent 	изобретать		
lick 	лизать		
nevertheless 	тем не менее		
observation 	наблюдение, замечание		
september 	сентябрь, сентябрьский		
stony 	каменный		
title 	называть, название, титул, право		
vein 	вена		
amid 	среди		
bug 	жук, инф)дефект		
cupboard 	шкаф		
humble 	скромный		
minister 	министр, священник		
mound 	бугор, могильный холм		
native 	исконный		
respectable 	приличный, порядочный		
sneak 	красться, внезапный		
tough 	жесткий		
birth 	рождение		
crook 	сгиб		
dusty 	пыльный		
fantastic 	фантастический		
glory 	слава		
non 	не		
slice 	вырезать, вырезка		
soar 	повышаться, полет		
underground 	метрополитен, подземный кабель, подземный		
volume 	объем, том		
wobbler 	ненадежный человек		
abrupt 	внезапный, крутой		
bosom 	грудь		
central 	центральный		
distinguish 	различать, отличать		
divide 	делить		
glare 	фото)сверкать, блик		
grope 	нащупывать		
mom 	мама		
ridiculous 	нелепый		
shelve 	складывать на полку		
sneer 	насмехаться, издеваться, насмешка, усмешка		
twinkle 	мерцает, мерцание		
deck 	украшать, палуба, дек		
drain 	осушать, утечка		
hedge 	ограждать, хедж, живая изгородь		
indicate 	указывать, указание		
misty 	туманный		
obey 	подчиняться		
rabbit 	кролик		
scarlet 	алый		
screw 	завинчивать, винт, винтовой		
slap 	шлепать, шлепок		
splash 	плескать, плеск		
toast 	тост		
undoubted 	бесспорный		
wed 	#ср		
accustom 	приучать		
bulge 	раздуваться, выпуклость		
collapse 	рушиться, крах		
expose 	подвергать		
generation 	поколение, генерация		
horizon 	горизонт		
perch 	сидеть, окунь, насест		
stout 	толстяк, толстый, полный		
await 	ожидать		
endure 	выносить, длиться		
explode 	взрывать		
lend 	предоставлять, ссуда		
poke 	протыкать, тычок		
protection 	защита		
rot 	гнить, порча		
shuffle 	перемещать		
sport 	носить, спорт		
stun 	оглушать, ошеломлять		
twitch 	дергать, подергивание		
brass 	медь, медный		
compare 	сравнивать, сравнение		
elsewhere 	где-нибудь еще		
ireland 	ирландия		
jar 	банка		
lore 	знание		
major 	специализироваться, майор, мажор, основной, крупный, мажорный		
nostril 	ноздря		
oak 	дуб, дубовый		
reasonable 	разумный		
sacrifice 	жертвовать, жертва		
trial 	испытание, суд, опытный		
bee 	пчела, пчелиный		
dublin 	дублин		
fearful 	страшный		
intense 	интенсивный		
merchant 	торговец, коммерческий		
nowhere 	нигде, никуда		
repair 	исправлять, ремонт		
troop 	отряд, войсковой		
extent 	протяженность, степень		
funeral 	похороны		
grove 	роща		
highest 	самый верхний		
item 	пункт		
leaf 	лист		
useless 	бесполезный		
utmost 	крайний		
admiration 	восхищение		
background 	фон		
data 	инф) данные		
hut 	хижина		
neighbourhood 	окрестность		
precise 	точный		
recollect 	вспоминать		
response 	ответ		
shelf 	полка		
warmth 	тепло		
weakness 	слабость		
weigh 	взвешивать, весить		
badge 	символ		
blur 	смазывать		
borrow 	заимствовать, заем		
capable 	способный		
jet 	самолет, струя, реактивный		
mankind 	человечество		
prompt 	подсказывать, подсказка, инф)приглашение, быстрый, точно		
shadowy 	темный		
smash 	разбивать, столкновение		
stray 	паразитный, блуждаюший		
successful 	успешный		
thomas 	томас		
trifle 	шутить, мелочь, пустяк, безделушка		
underneath 	под		
weave 	ткать		
amazement 	удивление		
exceeding 	превышать, чрезвычайный		
gaunt 	изможденный		
interview 	опрашивать, интервью		
mouse 	мышь		
pad 	заполнять, панель, блокнот		
plastic 	пластмасса, пластический		
swirl 	кружить, вихрь		
beach 	берег		
comment 	комментировать, комментарий		
glimmer 	мерцать, мерцание		
gown 	платье		
shallow 	поверхностный, мелкий		
thud 	падать, глухой, звук		
defeat 	побеждать, поражение		
majesty 	величество		
prayer 	молитва		
shaft 	вал, шпиндель, шахта		
southward 	к югу, южный		
spoon 	ложка		
throne 	трон, тронный		
wax 	натирать, воск, восковый		
bellow 	мычать, мычание		
contrary 	обратный вопреки		
embarrass 	смущать		
establish 	устанавливать		
jail 	заключать в тюрьму, тюрьма, тюремный		
mercy 	милосердие		
remembrance 	память		
respond 	отвечать, реагировать, ответ		
season 	сезон		
snort 	фыркать		
westward 	к западу, западный		
annoy 	раздражать		
brisk 	живой		
cigar 	сигара, сигарный		
cunning 	хитрость, хитрый		
hopeless 	безнадежный		
pencil 	карандаш, карандашный		
plot 	вычерчивать, график		
route 	направлять, маршрут		
solitary 	одиночный		
standard 	стандарт, стандартный		
superior 	высший		
web 	сеть, паутина, перепонка, техн)ребро, перемычка		
avenue 	авеню		
beckon 	манить		
bullet 	пуля		
chuckle 	посмеиваться, смешок		
cock 	наклонять, петух		
dispose 	располагать		
employ 	применять, нанимать		
fever 	лихорадка		
graceful 	изящный, постепенный		
hail 	окликать, град		
likewise 	подобно		
sore 	рана, болезненный		
waiter 	официант		
wrinkle 	морщить, морщина		
council 	совет		
fasten 	прикреплять		
fumble 	нащупывать, ронять, терять		
generous 	великодушный, обильный		
maid 	девушка, горничная, служанка		
myth 	миф		
nephew 	племянник		
steer 	управлять		
terrace 	терраса		
attitude 	отношение		
fireplace 	камин		
flare 	вспышка		
german 	немец, немецкий, по-немецки, немецко		
pinch 	щипать, повышение		
slop 	мусор		
trickle 	сочиться, струйка		
waist 	талия		
affectionate 	нежный		
autumn 	осень, осенний		
clumsy 	неуклюжий		
conclude 	решать, конт)заключать		
cow 	корова, коровий		
laboratory 	лаборатория, лабораторный		
monsieur 	мосье		
peaceful 	мирный		
swoop 	налетать, налет		
victory 	победа		
apply 	относиться		
attic 	чердак		
chew 	жевать, обдумывать		
cop 	ловить, полицейский		
decay 	разрушаться, разрушение		
element 	элемент, элементный		
errand 	задание		
explosion 	взрыв		
foe 	противник		
lash 	ресница		
medical 	медицинский		
mess 	возиться, беспорядок, путаница		
monday 	понедельник, в понедельник		
northward 	к северу, северный		
rack 	мучить, стойка		
stab 	ранить		
tempt 	искушать		
timid 	робкий		
wreck 	терпеть крушение, повреждение		
bewilder 	ставить в тупик		
career 	карьера		
classroom 	классная, комната		
droop 	свисать		
ghastly 	жуткий		
method 	метод		
principal 	принципал, директор школы, главный		
rifle 	винтовка		
soak 	пропитывать, пропитка		
vivid 	живой, яркий		
acknowledge 	признавать, дрез)подтверждать		
america 	америка		
bald 	лысый		
batter 	мять, тесто		
code 	кодировать, код, кодекс, кодовый		
gear 	устройство, мех)шестерня, передача		
lawyer 	юрист		
misery 	несчастье, нищета		
pat 	похлопывать, хлопок, пэт, готовый		
physician 	врач		
shrill 	вопить, визг, резкий		
sparkle 	сверкать, искрить, искра		
statement 	утверждение, прог)оператор, конт)формулировка, заявление		
thief 	вор		
tune 	настраивать, мелодия		
awaken 	будить		
breathless 	запыхавшийся		
craft 	средство, ремесло, судно		
estate 	имущество		
farmer 	фермер		
halfway 	на полпути, половинчатый		
helpless 	беспомощный		
indifferent 	безразличный		
peeve 	раздражать		
phrase 	фраза		
pilot 	управлять, пилот, опытный		
pont 	понтонный, мост		
quill 	игла		
rent 	арендовать, аренда		
sole 	подошва, единственный		
squat 	садиться на корточки		
steeple 	шпиль		
straw 	солома		
swarm 	роиться, рой		
wan 	бледный		
wrought 	работать, отделанный		
departure 	отправление, отъезд		
disease 	болезнь		
eater 	едок		
entity 	сущность, инф)объект		
expedition 	экспедиция		
genuine 	истинный		
guilty 	виновный		
hurl 	метать		
instinct 	инстинкт		
lion 	лев		
maintain 	поддерживать		
moral 	мораль, моральный		
nigh 	близко		
overcome 	преодолевать		
salt 	солить, соль, соленый		
shower 	душ, ливень		
thump 	колотить, удар		
vital 	живой		
wealth 	богатство, масса		
agony 	агония		
appoint 	назначать		
balloon 	раздувать, баллон		
blossom 	расцветать, цвет, цветение		
capital 	капитал, столица, основной		
coal 	каменный, уголь, каменноугольный		
coil 	катушка		
cur 	ублюдок		
dismiss 	распускать		
fountain 	фонтан		
glisten 	блестеть		
handful 	горсть		
idiot 	идиот		
impressive 	впечатляющий		
insect 	насекомое		
lighter 	зажигалка, более светлый		
permission 	разрешение		
restless 	беспокойный		
salute 	салют		
strict 	строгий		
wither 	вянуть		
chicken 	цыпленок, куриный		
clang 	лязгать, лязг		
defense 	защита, защитный		
entertain 	развлекать		
experiment 	экспериментировать, эксперимент		
mechanical 	механический, автоматический		
odour 	запах		
passionate 	страстный		
program 	программировать, программа, программный		
sacred 	священный, инф)зарезервированный		
sex 	секс, пол, половой		
sheep 	овца		
starve 	голодать, истощаться		
substance 	субстанция, вещество, по существу		
tool 	оснащать, средство		
accomplish 	выполнять		
chant 	петь, пение		
complex 	комплекс, сложный		
consent 	соглашаться, согласие		
crackle 	трещать, треск		
crew 	команда		
fifth 	пятый		
frantic 	отчаянный, лихорадочный		
hire 	нанимать, прокат		
launch 	запускать, запуск		
lofty 	высокий		
potato 	картофель, картофельный		
resolution 	решение, вид, резолюция, разрешающая, способность		
russian 	русский, русско		
soil 	пачкать, почва		
squint 	жмуриться, косоглазие		
supply 	поставлять, обеспечивать, поставка		
terrorist 	террорист, террористический		
wade 	переходить вброд		
waistcoat 	жилет		
willow 	ива, ивовый		
amiable 	дружелюбный		
dismal 	мрачный		
harmony 	гармония		
healthy 	здоровый		
icy 	ледяной		
mingle 	смешиваться		
musical 	комедия, музыкальный		
thy 	твой		
vary 	менять, изменяться		
worship 	поклоняться, поклонение		
absorb 	поглощать, амортизировать		
accurse 	проклинать		
apprehension 	понимание		
bonnet 	капот		
clench 	принимать твердое решение		
detect 	обнаруживать		
fro 	to and fro туда-сюда		
goose 	гусь, гусиный		
imp 	бесёнок		
mend 	ремонтировать, ремонт		
mission 	миссия, задача		
national 	национальный		
principle 	принцип		
rusty 	ржавый		
shimmer 	мерцать, мерцание		
slant 	наклонять, наклон		
snore 	храпеть		
sugar 	сахар, сахарный		
union 	союз		
velvet 	бархат		
apartment 	квартира		
cauldron 	котел		
ceremony 	церемония		
channel 	канал, канальный		
coast 	берег, береговой		
cure 	лечить, инф)восстанавливать, лечение		
distract 	отвлекать		
ford 	переходить вброд, брод, форд		
kneel 	становиться на колени		
motor 	двигатель		
perish 	гибнуть		
profession 	профессия		
quarrel 	ссориться, ссора		
reduce 	уменьшать, сводить		
temporary 	временный		
tournament 	турнир		
universal 	универсальный		
virtue 	достоинство		
warrior 	воин		
watson 	ватсон		
absurd 	абсурд, нелепый		
accurate 	точный		
deceive 	обманывать		
defend 	защищать		
galaxy 	астр)галактика		
model 	моделировать, модель		
organ 	орган, блок		
rib 	ребро		
sawyer 	пильщик		
scientific 	научный		
stable 	конюшня, стабильный		
stool 	табуретка		
complicate 	усложнять		
dignity 	достоинство		
dip 	окупать, погружение		
goblet 	бокал		
incident 	инцидент, смежный		
landscape 	пейзаж, горизональный		
marvellous 	чудный		
motive 	мотив		
myrtle 	мирт, миртовый		
offend 	обижать, обиженный		
patience 	терпение		
pose 	предлагать, поза		
rude 	грубый		
serpent 	змея		
shatter 	разрушать		
spray 	аэрозоль		
wary 	осмотрительный		
activity 	деятельность, активность		
anyhow 	как-нибудь		
august 	август, августовский		
bearer 	податель, предъявительский		
british 	британский		
bronze 	бронза, бронзовый		
corp 	корпорация		
depress 	понижать, подавлять		
equipment 	оборудование		
investigation 	исследование		
jug 	кувшин		
objection 	возражение		
pole 	полюс		
scheme 	схема		
southern 	южный		
watcher 	наблюдатель		
whoever 	кто бы ни, который бы ни		
worm 	червь		
acquaint 	знакомить		
adult 	взрослый		
assistant 	ассистент, помощник		
convey 	перевозить, инф)передавать		
decent 	скромный		
dormitory 	общежитие		
draught 	сквозняк		
gallop 	скакать галопом, галоп		
genius 	гений		
gratitude 	благодарность		
lump 	валить, кусок, шишка, единовременный		
niece 	племянница		
operate 	обслуживать, действовать		
poet 	поэт		
punish 	наказывать		
reader 	читатель, инф)считыватель		
recollection 	воспоминание		
replace 	заменять, замена		
solution 	решение, раствор		
soup 	суп, суповой		
stalk 	шагать, выслеживать, стебель		
throb 	пульсировать, биение		
tidings 	весть		
atmosphere 	атмосфера		
attendant 	сопровождающий		
bile 	желчь		
dizzy 	головокружительный		
grumble 	ворчать		
lazy 	ленивый		
license 	лицензировать, лицензия, лицензионный		
museum 	музей		
nick 	царапать, щербина		
prey 	жертва, добыча		
shutter 	затворять, ставень		
sixty 	шестьдесят, шестидесятый, шестидесяти		
speaker 	докладчик, диктор, спикер, динамик		
strap 	связывать, полоса		
stre 	stre enough на самом деле		
talent 	талант		
thee 	(устаревшее) ты		
thieve 	воровать		
toy 	играть, игрушка		
tube 	трубка, тюбик, лампа		
variety 	разновидность, ряд		
bargain 	торговаться, сделка		
brandy 	брэнди		
bus 	везти в автобусе, автобус, инф)шина		
careless 	небрежный		
chatter 	стучать, болтать, болтовня		
countenance 	выражение лица		
dale 	долина		
deed 	дело		
discussion 	дискуссия, обсуждение		
expensive 	дорогой		
inspire 	вдохновлять		
journal 	журнал		
performance 	исполнение		
refresh 	освежать, восстановление		
scowl 	хмуриться		
sherlock 	шерлок		
sock 	носок		
soften 	смягчать		
sprawl 	растягиваться		
steward 	стюард, официант		
structure 	структура, структурный		
tradition 	традиция		
whence 	откуда		
achieve 	достигать		
active 	активный		
behave 	вести себя		
caution 	предупреждение, осторожность		
churchyard 	церковный, двор		
confirm 	подтверждать		
david 	дэвид		
debate 	обсуждать, дискуссия		
doze 	дремать		
duchess 	княгиня		
frog 	лягушка		
fry 	жарить, сгорать		
huddle 	жаться		
injury 	повреждение		
insult 	оскорблять, оскорбление		
italian 	итальянец, итальянский		
pirate 	воровать, пират, пиратский		
preparation 	подготовка, препарат		
shave 	брить, мех)обрезать, бритье, мех)шевингование(обрезка)		
slab 	кусок		
stack 	складывать, кипа, инф)стек		
suppress 	подавлять, запрещать		
sympathy 	сочувствие		
torment 	мучить, мучение		
wrench 	ключ		
dean 	декан		
den 	логово, комната		
disappointment 	разочарование		
earn 	зарабатывать		
firebolt 	молнию		
hurried 	поспешный		
october 	октябрь, октябрьский		
passe 	устаревший		
personality 	личность		
sullen 	угрюмый		
thirteen 	тринадцать, тринадцати		
threat 	угроза		
writhe 	корчиться		
